scene_id,plm_fname,plume_extent_km2,max_conc,lon,lat,fold
20240501T153055_2412210_016,20240501T153055_2412210_016_2580_1.npy,0.8964,2676.0,-77.06480202769684,-11.81529925424379,2
20240501T153055_2412210_016,20240501T153055_2412210_016_2580_2.npy,4.3991999999999996,2676.0,-77.06480202769684,-11.81529925424379,2
20240501T153055_2412210_016,20240501T153055_2412210_016_2580_3.npy,6.7824,2676.0,-77.06480202769684,-11.81529925424379,2
20240501T153055_2412210_016,20240501T153055_2412210_016_2580_4.npy,1.4831999999999999,2676.0,-77.06480202769684,-11.81529925424379,2
20240501T153055_2412210_016,20240501T153055_2412210_016_2580_5.npy,8.604,2676.0,-77.06480202769684,-11.81529925424379,2
20240501T153055_2412210_016,20240501T153055_2412210_016_2580_6.npy,13.9392,2676.0,-77.06480202769684,-11.81529925424379,2
20240501T153055_2412210_016,20240501T153055_2412210_016_2580_7.npy,0.5868,2676.0,-77.06480202769684,-11.81529925424379,2
20240501T153055_2412210_016,20240501T153055_2412210_016_2580_8.npy,4.9212,2676.0,-77.06480202769684,-11.81529925424379,2
20240501T153055_2412210_016,20240501T153055_2412210_016_2580_9.npy,9.122399999999999,2676.0,-77.06480202769684,-11.81529925424379,2
20240501T153055_2412210_016,20240501T153055_2412210_016_3142_1.npy,0.1188,3074.0,-77.120109744763,-11.92862585097737,2
20240501T153055_2412210_016,20240501T153055_2412210_016_3142_2.npy,2.1959999999999997,3074.0,-77.120109744763,-11.92862585097737,2
20240501T153055_2412210_016,20240501T153055_2412210_016_3142_3.npy,6.8148,3074.0,-77.120109744763,-11.92862585097737,2
20240501T153055_2412210_016,20240501T153055_2412210_016_3142_4.npy,0.31679999999999997,3074.0,-77.120109744763,-11.92862585097737,2
20240501T153055_2412210_016,20240501T153055_2412210_016_3142_5.npy,4.05,3074.0,-77.120109744763,-11.92862585097737,2
20240501T153055_2412210_016,20240501T153055_2412210_016_3142_6.npy,9.99,3074.0,-77.120109744763,-11.92862585097737,2
20240501T153055_2412210_016,20240501T153055_2412210_016_3142_7.npy,0.19799999999999998,3074.0,-77.120109744763,-11.92862585097737,2
20240501T153055_2412210_016,20240501T153055_2412210_016_3142_8.npy,1.8539999999999999,3074.0,-77.120109744763,-11.92862585097737,2
20240501T153055_2412210_016,20240501T153055_2412210_016_3142_9.npy,4.2623999999999995,3074.0,-77.120109744763,-11.92862585097737,2
20240501T153107_2412210_017,20240501T153107_2412210_017_3143_1.npy,1.4687999999999999,4840.0,-76.77145423423815,-12.233902759881705,1
20240501T153107_2412210_017,20240501T153107_2412210_017_3143_2.npy,8.2296,4840.0,-76.77145423423815,-12.233902759881705,1
20240501T153107_2412210_017,20240501T153107_2412210_017_3143_3.npy,14.1336,4840.0,-76.77145423423815,-12.233902759881705,1
20240501T153107_2412210_017,20240501T153107_2412210_017_3143_4.npy,4.3776,4840.0,-76.77145423423815,-12.233902759881705,1
20240501T153107_2412210_017,20240501T153107_2412210_017_3143_5.npy,10.0152,4840.0,-76.77145423423815,-12.233902759881705,1
20240501T153107_2412210_017,20240501T153107_2412210_017_3143_6.npy,10.314,4840.0,-76.77145423423815,-12.233902759881705,1
20240501T153107_2412210_017,20240501T153107_2412210_017_3143_7.npy,2.9088,4840.0,-76.77145423423815,-12.233902759881705,1
20240501T153107_2412210_017,20240501T153107_2412210_017_3143_8.npy,4.8636,4840.0,-76.77145423423815,-12.233902759881705,1
20240501T153107_2412210_017,20240501T153107_2412210_017_3143_9.npy,2.9448,4840.0,-76.77145423423815,-12.233902759881705,1
20240517T170655_2413811_045,20240517T170655_2413811_045_3168_1.npy,1.5876,3332.0,-46.41890444784743,-23.63759489339334,4
20240517T170655_2413811_045,20240517T170655_2413811_045_3168_2.npy,2.0987999999999998,3332.0,-46.41890444784743,-23.63759489339334,4
20240517T170655_2413811_045,20240517T170655_2413811_045_3168_3.npy,0.5112,3332.0,-46.41890444784743,-23.63759489339334,4
20240517T170655_2413811_045,20240517T170655_2413811_045_3168_4.npy,3.87,3332.0,-46.41890444784743,-23.63759489339334,4
20240517T170655_2413811_045,20240517T170655_2413811_045_3168_5.npy,7.6248,3332.0,-46.41890444784743,-23.63759489339334,4
20240517T170655_2413811_045,20240517T170655_2413811_045_3168_6.npy,5.5116,3332.0,-46.41890444784743,-23.63759489339334,4
20240517T170655_2413811_045,20240517T170655_2413811_045_3168_7.npy,2.376,3332.0,-46.41890444784743,-23.63759489339334,4
20240517T170655_2413811_045,20240517T170655_2413811_045_3168_8.npy,7.4592,3332.0,-46.41890444784743,-23.63759489339334,4
20240517T170655_2413811_045,20240517T170655_2413811_045_3168_9.npy,10.5156,3332.0,-46.41890444784743,-23.63759489339334,4
20240522T132049_2414309_001,20240522T132049_2414309_001_3172_1.npy,0.0504,1920.0,28.538234687352187,29.55161971611442,4
20240522T132049_2414309_001,20240522T132049_2414309_001_3172_2.npy,0.2052,1920.0,28.538234687352187,29.55161971611442,4
20240522T132049_2414309_001,20240522T132049_2414309_001_3172_4.npy,0.5724,1920.0,28.538234687352187,29.55161971611442,4
20240523T075552_2414406_005,20240523T075552_2414406_005_3174_1.npy,0.612,2100.0,112.4839623108412,35.5937166893311,3
20240523T075552_2414406_005,20240523T075552_2414406_005_3174_2.npy,4.9392,2100.0,112.4839623108412,35.5937166893311,3
20240523T075552_2414406_005,20240523T075552_2414406_005_3174_3.npy,4.3271999999999995,2100.0,112.4839623108412,35.5937166893311,3
20240523T075552_2414406_005,20240523T075552_2414406_005_3174_4.npy,0.3348,2100.0,112.4839623108412,35.5937166893311,3
20240523T075552_2414406_005,20240523T075552_2414406_005_3174_5.npy,2.7756,2100.0,112.4839623108412,35.5937166893311,3
20240523T075552_2414406_005,20240523T075552_2414406_005_3174_6.npy,2.4408,2100.0,112.4839623108412,35.5937166893311,3
20240523T075552_2414406_005,20240523T075552_2414406_005_3174_7.npy,0.072,2100.0,112.4839623108412,35.5937166893311,3
20240523T075552_2414406_005,20240523T075552_2414406_005_3174_8.npy,0.2808,2100.0,112.4839623108412,35.5937166893311,3
20240523T075552_2414406_005,20240523T075552_2414406_005_3174_9.npy,0.20879999999999999,2100.0,112.4839623108412,35.5937166893311,3
20240523T075552_2414406_005,20240523T075552_2414406_005_3175_1.npy,3.7367999999999997,5387.0,112.52950984254272,35.61052589745905,3
20240523T075552_2414406_005,20240523T075552_2414406_005_3175_2.npy,8.8416,5387.0,112.52950984254272,35.61052589745905,3
20240523T075552_2414406_005,20240523T075552_2414406_005_3175_3.npy,7.6608,5387.0,112.52950984254272,35.61052589745905,3
20240523T075552_2414406_005,20240523T075552_2414406_005_3175_4.npy,2.8116,5387.0,112.52950984254272,35.61052589745905,3
20240523T075552_2414406_005,20240523T075552_2414406_005_3175_5.npy,4.4388,5387.0,112.52950984254272,35.61052589745905,3
20240523T075552_2414406_005,20240523T075552_2414406_005_3175_6.npy,2.1888,5387.0,112.52950984254272,35.61052589745905,3
20240523T075552_2414406_005,20240523T075552_2414406_005_3175_7.npy,0.4896,5387.0,112.52950984254272,35.61052589745905,3
20240523T075552_2414406_005,20240523T075552_2414406_005_3175_8.npy,0.6984,5387.0,112.52950984254272,35.61052589745905,3
20240523T075552_2414406_005,20240523T075552_2414406_005_3175_9.npy,0.3456,5387.0,112.52950984254272,35.61052589745905,3
20240523T075552_2414406_005,20240523T075552_2414406_005_3178_1.npy,0.3456,4419.0,112.63144955635092,35.5465424600688,3
20240523T075552_2414406_005,20240523T075552_2414406_005_3178_2.npy,1.5768,4419.0,112.63144955635092,35.5465424600688,3
20240523T075552_2414406_005,20240523T075552_2414406_005_3178_3.npy,1.2312,4419.0,112.63144955635092,35.5465424600688,3
20240523T075552_2414406_005,20240523T075552_2414406_005_3178_4.npy,0.504,4419.0,112.63144955635092,35.5465424600688,3
20240523T075552_2414406_005,20240523T075552_2414406_005_3178_5.npy,2.016,4419.0,112.63144955635092,35.5465424600688,3
20240523T075552_2414406_005,20240523T075552_2414406_005_3178_6.npy,1.512,4419.0,112.63144955635092,35.5465424600688,3
20240523T075552_2414406_005,20240523T075552_2414406_005_3178_7.npy,0.15839999999999999,4419.0,112.63144955635092,35.5465424600688,3
20240523T075552_2414406_005,20240523T075552_2414406_005_3178_8.npy,0.4392,4419.0,112.63144955635092,35.5465424600688,3
20240523T075552_2414406_005,20240523T075552_2414406_005_3178_9.npy,0.2808,4419.0,112.63144955635092,35.5465424600688,3
20240523T075604_2414406_006,20240523T075604_2414406_006_3180_1.npy,1.7568,7184.0,112.83099112380526,36.012862427489274,3
20240523T075604_2414406_006,20240523T075604_2414406_006_3180_2.npy,2.2392,7184.0,112.83099112380526,36.012862427489274,3
20240523T075604_2414406_006,20240523T075604_2414406_006_3180_3.npy,0.4824,7184.0,112.83099112380526,36.012862427489274,3
20240523T075604_2414406_006,20240523T075604_2414406_006_3180_6.npy,0.6444,7184.0,112.83099112380526,36.012862427489274,3
20240523T075604_2414406_006,20240523T075604_2414406_006_3182_1.npy,0.9935999999999999,2654.0,112.92045948964756,36.13920260470901,3
20240523T075604_2414406_006,20240523T075604_2414406_006_3182_2.npy,2.7683999999999997,2654.0,112.92045948964756,36.13920260470901,3
20240523T075604_2414406_006,20240523T075604_2414406_006_3182_3.npy,1.7748,2654.0,112.92045948964756,36.13920260470901,3
20240523T075604_2414406_006,20240523T075604_2414406_006_3182_4.npy,1.0872,2654.0,112.92045948964756,36.13920260470901,3
20240523T075604_2414406_006,20240523T075604_2414406_006_3182_5.npy,3.2399999999999998,2654.0,112.92045948964756,36.13920260470901,3
20240523T075604_2414406_006,20240523T075604_2414406_006_3182_6.npy,2.1528,2654.0,112.92045948964756,36.13920260470901,3
20240523T075604_2414406_006,20240523T075604_2414406_006_3182_7.npy,0.0936,2654.0,112.92045948964756,36.13920260470901,3
20240523T075604_2414406_006,20240523T075604_2414406_006_3182_8.npy,0.47159999999999996,2654.0,112.92045948964756,36.13920260470901,3
20240523T075604_2414406_006,20240523T075604_2414406_006_3182_9.npy,0.378,2654.0,112.92045948964756,36.13920260470901,3
20240523T075604_2414406_006,20240523T075604_2414406_006_3183_1.npy,0.7163999999999999,5007.0,112.98281622947704,36.17119432340414,3
20240523T075604_2414406_006,20240523T075604_2414406_006_3183_2.npy,1.4003999999999999,5007.0,112.98281622947704,36.17119432340414,3
20240523T075604_2414406_006,20240523T075604_2414406_006_3183_3.npy,0.6839999999999999,5007.0,112.98281622947704,36.17119432340414,3
20240523T075604_2414406_006,20240523T075604_2414406_006_3183_4.npy,0.9144,5007.0,112.98281622947704,36.17119432340414,3
20240523T075604_2414406_006,20240523T075604_2414406_006_3183_5.npy,1.9223999999999999,5007.0,112.98281622947704,36.17119432340414,3
20240523T075604_2414406_006,20240523T075604_2414406_006_3183_6.npy,1.008,5007.0,112.98281622947704,36.17119432340414,3
20240523T075604_2414406_006,20240523T075604_2414406_006_3183_7.npy,0.19799999999999998,5007.0,112.98281622947704,36.17119432340414,3
20240523T075604_2414406_006,20240523T075604_2414406_006_3183_8.npy,0.522,5007.0,112.98281622947704,36.17119432340414,3
20240523T075604_2414406_006,20240523T075604_2414406_006_3183_9.npy,0.324,5007.0,112.98281622947704,36.17119432340414,3
20240524T114612_2414508_005,20240524T114612_2414508_005_3200_4.npy,0.144,1311.0,53.53298494108968,39.47339037176548,2
20240524T114612_2414508_005,20240524T114612_2414508_005_3200_7.npy,0.036,1311.0,53.53298494108968,39.47339037176548,2
20240524T114612_2414508_005,20240524T114612_2414508_005_3200_8.npy,1.6488,1311.0,53.53298494108968,39.47339037176548,2
20240524T114624_2414508_006,20240524T114624_2414508_006_3199_1.npy,0.162,1666.0,53.7737361800835,39.36331717015343,1
20240524T114624_2414508_006,20240524T114624_2414508_006_3199_2.npy,0.4572,1666.0,53.7737361800835,39.36331717015343,1
20240524T114624_2414508_006,20240524T114624_2414508_006_3199_3.npy,0.2952,1666.0,53.7737361800835,39.36331717015343,1
20240524T114624_2414508_006,20240524T114624_2414508_006_3199_4.npy,0.522,1666.0,53.7737361800835,39.36331717015343,1
20240524T114624_2414508_006,20240524T114624_2414508_006_3199_5.npy,1.3032,1666.0,53.7737361800835,39.36331717015343,1
20240524T114624_2414508_006,20240524T114624_2414508_006_3199_6.npy,0.7812,1666.0,53.7737361800835,39.36331717015343,1
20240524T114624_2414508_006,20240524T114624_2414508_006_3199_7.npy,0.36,1666.0,53.7737361800835,39.36331717015343,1
20240524T114624_2414508_006,20240524T114624_2414508_006_3199_8.npy,0.846,1666.0,53.7737361800835,39.36331717015343,1
20240524T114624_2414508_006,20240524T114624_2414508_006_3199_9.npy,0.486,1666.0,53.7737361800835,39.36331717015343,1
20240524T114624_2414508_006,20240524T114624_2414508_006_3201_1.npy,0.46799999999999997,1957.0,53.6284178646548,39.45983455875906,1
20240524T114624_2414508_006,20240524T114624_2414508_006_3201_2.npy,0.864,1957.0,53.6284178646548,39.45983455875906,1
20240524T114624_2414508_006,20240524T114624_2414508_006_3201_3.npy,0.39599999999999996,1957.0,53.6284178646548,39.45983455875906,1
20240524T114624_2414508_006,20240524T114624_2414508_006_3201_5.npy,2.988,1957.0,53.6284178646548,39.45983455875906,1
20240524T114624_2414508_006,20240524T114624_2414508_006_3201_6.npy,2.808,1957.0,53.6284178646548,39.45983455875906,1
20240524T114624_2414508_006,20240524T114624_2414508_006_3201_9.npy,2.412,1957.0,53.6284178646548,39.45983455875906,1
20240526T114627_2414708_008,20240526T114627_2414708_008_3167_1.npy,2.016,1748.0,55.190047522993176,45.34359963606091,1
20240526T114627_2414708_008,20240526T114627_2414708_008_3167_2.npy,1.818,1748.0,55.190047522993176,45.34359963606091,1
20240526T114627_2414708_008,20240526T114627_2414708_008_3167_3.npy,0.13319999999999999,1748.0,55.190047522993176,45.34359963606091,1
20240526T114627_2414708_008,20240526T114627_2414708_008_3167_4.npy,2.3256,1748.0,55.190047522993176,45.34359963606091,1
20240526T114627_2414708_008,20240526T114627_2414708_008_3167_5.npy,2.3508,1748.0,55.190047522993176,45.34359963606091,1
20240526T114627_2414708_008,20240526T114627_2414708_008_3167_6.npy,0.3564,1748.0,55.190047522993176,45.34359963606091,1
20240526T114627_2414708_008,20240526T114627_2414708_008_3167_7.npy,0.3096,1748.0,55.190047522993176,45.34359963606091,1
20240526T114627_2414708_008,20240526T114627_2414708_008_3167_8.npy,0.5327999999999999,1748.0,55.190047522993176,45.34359963606091,1
20240526T114627_2414708_008,20240526T114627_2414708_008_3167_9.npy,0.22319999999999998,1748.0,55.190047522993176,45.34359963606091,1
20240530T131829_2415109_012,20240530T131829_2415109_012_3208_1.npy,12.3444,12849.0,36.87831308141541,51.772850628740585,1
20240530T131829_2415109_012,20240530T131829_2415109_012_3208_2.npy,14.6556,12849.0,36.87831308141541,51.772850628740585,1
20240530T131829_2415109_012,20240530T131829_2415109_012_3208_3.npy,13.9824,12849.0,36.87831308141541,51.772850628740585,1
20240530T131829_2415109_012,20240530T131829_2415109_012_3208_4.npy,10.202399999999999,12849.0,36.87831308141541,51.772850628740585,1
20240530T131829_2415109_012,20240530T131829_2415109_012_3208_5.npy,11.9412,12849.0,36.87831308141541,51.772850628740585,1
20240530T131829_2415109_012,20240530T131829_2415109_012_3208_6.npy,7.7184,12849.0,36.87831308141541,51.772850628740585,1
20240530T131829_2415109_012,20240530T131829_2415109_012_3208_7.npy,4.9967999999999995,12849.0,36.87831308141541,51.772850628740585,1
20240530T131829_2415109_012,20240530T131829_2415109_012_3208_8.npy,4.9356,12849.0,36.87831308141541,51.772850628740585,1
20240530T131829_2415109_012,20240530T131829_2415109_012_3208_9.npy,1.1088,12849.0,36.87831308141541,51.772850628740585,1
20240606T151017_2415810_005,20240606T151017_2415810_005_3236_1.npy,0.4896,3996.0,-99.28115284764056,19.655333988915487,3
20240606T151017_2415810_005,20240606T151017_2415810_005_3236_2.npy,0.5976,3996.0,-99.28115284764056,19.655333988915487,3
20240606T151017_2415810_005,20240606T151017_2415810_005_3236_3.npy,0.126,3996.0,-99.28115284764056,19.655333988915487,3
20240606T151017_2415810_005,20240606T151017_2415810_005_3236_4.npy,6.7896,3996.0,-99.28115284764056,19.655333988915487,3
20240606T151017_2415810_005,20240606T151017_2415810_005_3236_5.npy,4.7268,3996.0,-99.28115284764056,19.655333988915487,3
20240606T151017_2415810_005,20240606T151017_2415810_005_3236_6.npy,0.9504,3996.0,-99.28115284764056,19.655333988915487,3
20240606T151017_2415810_005,20240606T151017_2415810_005_3236_7.npy,7.5276,3996.0,-99.28115284764056,19.655333988915487,3
20240606T151017_2415810_005,20240606T151017_2415810_005_3236_8.npy,4.1724,3996.0,-99.28115284764056,19.655333988915487,3
20240606T151017_2415810_005,20240606T151017_2415810_005_3236_9.npy,0.8244,3996.0,-99.28115284764056,19.655333988915487,3
20240606T151017_2415810_005,20240606T151017_2415810_005_3237_1.npy,0.1512,3416.0,-99.21066262000724,19.58484376128216,3
20240606T151017_2415810_005,20240606T151017_2415810_005_3237_2.npy,0.252,3416.0,-99.21066262000724,19.58484376128216,3
20240606T151017_2415810_005,20240606T151017_2415810_005_3237_3.npy,0.1008,3416.0,-99.21066262000724,19.58484376128216,3
20240606T151017_2415810_005,20240606T151017_2415810_005_3237_4.npy,1.746,3416.0,-99.21066262000724,19.58484376128216,3
20240606T151017_2415810_005,20240606T151017_2415810_005_3237_5.npy,2.4012,3416.0,-99.21066262000724,19.58484376128216,3
20240606T151017_2415810_005,20240606T151017_2415810_005_3237_6.npy,0.6552,3416.0,-99.21066262000724,19.58484376128216,3
20240606T151017_2415810_005,20240606T151017_2415810_005_3237_7.npy,1.5948,3416.0,-99.21066262000724,19.58484376128216,3
20240606T151017_2415810_005,20240606T151017_2415810_005_3237_8.npy,2.1492,3416.0,-99.21066262000724,19.58484376128216,3
20240606T151017_2415810_005,20240606T151017_2415810_005_3237_9.npy,0.5544,3416.0,-99.21066262000724,19.58484376128216,3
20240606T151017_2415810_005,20240606T151017_2415810_005_3238_1.npy,1.0151999999999999,2464.0,-99.23940094358082,19.757273702723687,3
20240606T151017_2415810_005,20240606T151017_2415810_005_3238_2.npy,1.2744,2464.0,-99.23940094358082,19.757273702723687,3
20240606T151017_2415810_005,20240606T151017_2415810_005_3238_3.npy,0.2592,2464.0,-99.23940094358082,19.757273702723687,3
20240606T151017_2415810_005,20240606T151017_2415810_005_3238_4.npy,2.178,2464.0,-99.23940094358082,19.757273702723687,3
20240606T151017_2415810_005,20240606T151017_2415810_005_3238_5.npy,2.5956,2464.0,-99.23940094358082,19.757273702723687,3
20240606T151017_2415810_005,20240606T151017_2415810_005_3238_6.npy,0.41759999999999997,2464.0,-99.23940094358082,19.757273702723687,3
20240606T151017_2415810_005,20240606T151017_2415810_005_3238_7.npy,1.1628,2464.0,-99.23940094358082,19.757273702723687,3
20240606T151017_2415810_005,20240606T151017_2415810_005_3238_8.npy,1.3212,2464.0,-99.23940094358082,19.757273702723687,3
20240606T151017_2415810_005,20240606T151017_2415810_005_3238_9.npy,0.15839999999999999,2464.0,-99.23940094358082,19.757273702723687,3
20240606T151017_2415810_005,20240606T151017_2415810_005_3239_1.npy,3.4308,2826.0,-99.0122055175934,19.80282123442522,3
20240606T151017_2415810_005,20240606T151017_2415810_005_3239_2.npy,4.1868,2826.0,-99.0122055175934,19.80282123442522,3
20240606T151017_2415810_005,20240606T151017_2415810_005_3239_3.npy,3.4956,2826.0,-99.0122055175934,19.80282123442522,3
20240606T151017_2415810_005,20240606T151017_2415810_005_3239_4.npy,8.19,2826.0,-99.0122055175934,19.80282123442522,3
20240606T151017_2415810_005,20240606T151017_2415810_005_3239_5.npy,10.0296,2826.0,-99.0122055175934,19.80282123442522,3
20240606T151017_2415810_005,20240606T151017_2415810_005_3239_6.npy,8.5212,2826.0,-99.0122055175934,19.80282123442522,3
20240606T151017_2415810_005,20240606T151017_2415810_005_3239_7.npy,4.7592,2826.0,-99.0122055175934,19.80282123442522,3
20240606T151017_2415810_005,20240606T151017_2415810_005_3239_8.npy,5.8427999999999995,2826.0,-99.0122055175934,19.80282123442522,3
20240606T151017_2415810_005,20240606T151017_2415810_005_3239_9.npy,5.0256,2826.0,-99.0122055175934,19.80282123442522,3
20240608T041803_2416003_014,20240608T041803_2416003_014_3215_1.npy,7.614,3240.0,58.45645622501749,23.338719499016975,4
20240608T041803_2416003_014,20240608T041803_2416003_014_3215_2.npy,7.9992,3240.0,58.45645622501749,23.338719499016975,4
20240608T041803_2416003_014,20240608T041803_2416003_014_3215_3.npy,2.4696,3240.0,58.45645622501749,23.338719499016975,4
20240608T041803_2416003_014,20240608T041803_2416003_014_3215_4.npy,4.2552,3240.0,58.45645622501749,23.338719499016975,4
20240608T041803_2416003_014,20240608T041803_2416003_014_3215_5.npy,5.6232,3240.0,58.45645622501749,23.338719499016975,4
20240608T041803_2416003_014,20240608T041803_2416003_014_3215_6.npy,2.0627999999999997,3240.0,58.45645622501749,23.338719499016975,4
20240608T041803_2416003_014,20240608T041803_2416003_014_3215_7.npy,0.306,3240.0,58.45645622501749,23.338719499016975,4
20240608T041803_2416003_014,20240608T041803_2416003_014_3215_8.npy,0.594,3240.0,58.45645622501749,23.338719499016975,4
20240608T041803_2416003_014,20240608T041803_2416003_014_3215_9.npy,0.288,3240.0,58.45645622501749,23.338719499016975,4
20240608T041902_2416003_019,20240608T041902_2416003_019_3216_1.npy,0.0648,5071.0,60.9181918669814,25.78473039789345,4
20240608T041902_2416003_019,20240608T041902_2416003_019_3216_2.npy,1.1772,5071.0,60.9181918669814,25.78473039789345,4
20240608T041902_2416003_019,20240608T041902_2416003_019_3216_3.npy,2.34,5071.0,60.9181918669814,25.78473039789345,4
20240608T041902_2416003_019,20240608T041902_2416003_019_3216_4.npy,0.18359999999999999,5071.0,60.9181918669814,25.78473039789345,4
20240608T041902_2416003_019,20240608T041902_2416003_019_3216_5.npy,2.4444,5071.0,60.9181918669814,25.78473039789345,4
20240608T041902_2416003_019,20240608T041902_2416003_019_3216_6.npy,5.0472,5071.0,60.9181918669814,25.78473039789345,4
20240608T041902_2416003_019,20240608T041902_2416003_019_3216_7.npy,0.1188,5071.0,60.9181918669814,25.78473039789345,4
20240608T041902_2416003_019,20240608T041902_2416003_019_3216_8.npy,1.2671999999999999,5071.0,60.9181918669814,25.78473039789345,4
20240608T041902_2416003_019,20240608T041902_2416003_019_3216_9.npy,2.7072,5071.0,60.9181918669814,25.78473039789345,4
20240608T122634_2416008_012,20240608T122634_2416008_012_3217_1.npy,0.0252,4087.0,53.53027377848838,39.47339037176548,1
20240608T122634_2416008_012,20240608T122634_2416008_012_3217_2.npy,0.4644,4087.0,53.53027377848838,39.47339037176548,1
20240608T122634_2416008_012,20240608T122634_2416008_012_3217_3.npy,0.756,4087.0,53.53027377848838,39.47339037176548,1
20240608T122634_2416008_012,20240608T122634_2416008_012_3217_4.npy,0.0936,4087.0,53.53027377848838,39.47339037176548,1
20240608T122634_2416008_012,20240608T122634_2416008_012_3217_5.npy,1.2671999999999999,4087.0,53.53027377848838,39.47339037176548,1
20240608T122634_2416008_012,20240608T122634_2416008_012_3217_6.npy,3.4415999999999998,4087.0,53.53027377848838,39.47339037176548,1
20240608T122634_2416008_012,20240608T122634_2416008_012_3217_7.npy,0.0684,4087.0,53.53027377848838,39.47339037176548,1
20240608T122634_2416008_012,20240608T122634_2416008_012_3217_8.npy,0.8028,4087.0,53.53027377848838,39.47339037176548,1
20240608T122634_2416008_012,20240608T122634_2416008_012_3217_9.npy,2.6856,4087.0,53.53027377848838,39.47339037176548,1
20240608T122634_2416008_012,20240608T122634_2416008_012_3218_1.npy,0.5472,9401.0,53.59805284352043,39.50592432298087,1
20240608T122634_2416008_012,20240608T122634_2416008_012_3218_2.npy,1.926,9401.0,53.59805284352043,39.50592432298087,1
20240608T122634_2416008_012,20240608T122634_2416008_012_3218_3.npy,2.6892,9401.0,53.59805284352043,39.50592432298087,1
20240608T122634_2416008_012,20240608T122634_2416008_012_3218_4.npy,1.1376,9401.0,53.59805284352043,39.50592432298087,1
20240608T122634_2416008_012,20240608T122634_2416008_012_3218_5.npy,4.428,9401.0,53.59805284352043,39.50592432298087,1
20240608T122634_2416008_012,20240608T122634_2416008_012_3218_6.npy,6.354,9401.0,53.59805284352043,39.50592432298087,1
20240608T122634_2416008_012,20240608T122634_2416008_012_3218_7.npy,1.1556,9401.0,53.59805284352043,39.50592432298087,1
20240608T122634_2416008_012,20240608T122634_2416008_012_3218_8.npy,2.502,9401.0,53.59805284352043,39.50592432298087,1
20240609T050226_2416104_002,20240609T050226_2416104_002_3220_1.npy,1.8539999999999999,4290.0,39.39698313800616,21.638820548013303,1
20240609T050226_2416104_002,20240609T050226_2416104_002_3220_2.npy,4.8204,4290.0,39.39698313800616,21.638820548013303,1
20240609T050226_2416104_002,20240609T050226_2416104_002_3220_3.npy,2.9663999999999997,4290.0,39.39698313800616,21.638820548013303,1
20240609T050226_2416104_002,20240609T050226_2416104_002_3220_4.npy,5.3244,4290.0,39.39698313800616,21.638820548013303,1
20240609T050226_2416104_002,20240609T050226_2416104_002_3220_5.npy,10.357199999999999,4290.0,39.39698313800616,21.638820548013303,1
20240609T050226_2416104_002,20240609T050226_2416104_002_3220_6.npy,5.061599999999999,4290.0,39.39698313800616,21.638820548013303,1
20240609T050226_2416104_002,20240609T050226_2416104_002_3220_7.npy,7.3692,4290.0,39.39698313800616,21.638820548013303,1
20240609T050226_2416104_002,20240609T050226_2416104_002_3220_8.npy,10.872,4290.0,39.39698313800616,21.638820548013303,1
20240609T050226_2416104_002,20240609T050226_2416104_002_3220_9.npy,3.7439999999999998,4290.0,39.39698313800616,21.638820548013303,1
20240609T050531_2416104_015,20240609T050531_2416104_015_3221_1.npy,3.2723999999999998,2693.0,47.46865643454246,30.227241436353868,2
20240609T050531_2416104_015,20240609T050531_2416104_015_3221_2.npy,5.5332,2693.0,47.46865643454246,30.227241436353868,2
20240609T050531_2416104_015,20240609T050531_2416104_015_3221_3.npy,2.2608,2693.0,47.46865643454246,30.227241436353868,2
20240609T050531_2416104_015,20240609T050531_2416104_015_3221_4.npy,1.6992,2693.0,47.46865643454246,30.227241436353868,2
20240609T050531_2416104_015,20240609T050531_2416104_015_3221_5.npy,3.2039999999999997,2693.0,47.46865643454246,30.227241436353868,2
20240609T050531_2416104_015,20240609T050531_2416104_015_3221_6.npy,1.5048,2693.0,47.46865643454246,30.227241436353868,2
20240609T050531_2416104_015,20240609T050531_2416104_015_3221_7.npy,0.07919999999999999,2693.0,47.46865643454246,30.227241436353868,2
20240609T050531_2416104_015,20240609T050531_2416104_015_3221_8.npy,0.126,2693.0,47.46865643454246,30.227241436353868,2
20240609T050531_2416104_015,20240609T050531_2416104_015_3221_9.npy,0.0468,2693.0,47.46865643454246,30.227241436353868,2
20240609T050543_2416104_016,20240609T050543_2416104_016_3222_1.npy,3.9455999999999998,1841.0,47.740314927190894,30.28797147862258,4
20240609T050543_2416104_016,20240609T050543_2416104_016_3222_2.npy,7.506,1841.0,47.740314927190894,30.28797147862258,4
20240609T050543_2416104_016,20240609T050543_2416104_016_3222_3.npy,3.5604,1841.0,47.740314927190894,30.28797147862258,4
20240609T050543_2416104_016,20240609T050543_2416104_016_3222_4.npy,1.944,1841.0,47.740314927190894,30.28797147862258,4
20240609T050543_2416104_016,20240609T050543_2416104_016_3222_5.npy,4.8096,1841.0,47.740314927190894,30.28797147862258,4
20240609T050543_2416104_016,20240609T050543_2416104_016_3222_6.npy,2.8655999999999997,1841.0,47.740314927190894,30.28797147862258,4
20240609T050543_2416104_016,20240609T050543_2416104_016_3222_7.npy,0.3528,1841.0,47.740314927190894,30.28797147862258,4
20240609T050543_2416104_016,20240609T050543_2416104_016_3222_8.npy,1.3428,1841.0,47.740314927190894,30.28797147862258,4
20240609T050543_2416104_016,20240609T050543_2416104_016_3222_9.npy,0.99,1841.0,47.740314927190894,30.28797147862258,4
20240609T050607_2416104_018,20240609T050607_2416104_018_3225_1.npy,7.7364,5119.0,49.1159588310813,31.30628415166404,0
20240609T050607_2416104_018,20240609T050607_2416104_018_3225_2.npy,6.2244,5119.0,49.1159588310813,31.30628415166404,0
20240609T050607_2416104_018,20240609T050607_2416104_018_3225_3.npy,1.278,5119.0,49.1159588310813,31.30628415166404,0
20240609T050607_2416104_018,20240609T050607_2416104_018_3225_4.npy,2.7504,5119.0,49.1159588310813,31.30628415166404,0
20240609T050607_2416104_018,20240609T050607_2416104_018_3225_5.npy,4.05,5119.0,49.1159588310813,31.30628415166404,0
20240609T050607_2416104_018,20240609T050607_2416104_018_3225_6.npy,1.3968,5119.0,49.1159588310813,31.30628415166404,0
20240609T050607_2416104_018,20240609T050607_2416104_018_3225_7.npy,0.0468,5119.0,49.1159588310813,31.30628415166404,0
20240609T050607_2416104_018,20240609T050607_2416104_018_3225_8.npy,0.1656,5119.0,49.1159588310813,31.30628415166404,0
20240609T050607_2416104_018,20240609T050607_2416104_018_3225_9.npy,0.1188,5119.0,49.1159588310813,31.30628415166404,0
20240609T050607_2416104_018,20240609T050607_2416104_018_3226_2.npy,2.1852,4092.0,49.09698069287233,32.06432521498244,0
20240609T050607_2416104_018,20240609T050607_2416104_018_3226_3.npy,0.1728,4092.0,49.09698069287233,32.06432521498244,0
20240609T050607_2416104_018,20240609T050607_2416104_018_3226_4.npy,5.8248,4092.0,49.09698069287233,32.06432521498244,0
20240609T050607_2416104_018,20240609T050607_2416104_018_3226_5.npy,2.7576,4092.0,49.09698069287233,32.06432521498244,0
20240609T050607_2416104_018,20240609T050607_2416104_018_3226_6.npy,0.2844,4092.0,49.09698069287233,32.06432521498244,0
20240609T050607_2416104_018,20240609T050607_2416104_018_3226_7.npy,0.5075999999999999,4092.0,49.09698069287233,32.06432521498244,0
20240609T050607_2416104_018,20240609T050607_2416104_018_3226_8.npy,0.5724,4092.0,49.09698069287233,32.06432521498244,0
20240609T050607_2416104_018,20240609T050607_2416104_018_3226_9.npy,0.11159999999999999,4092.0,49.09698069287233,32.06432521498244,0
20240609T142206_2416110_013,20240609T142206_2416110_013_3219_1.npy,7.7256,4185.0,-95.36135395870735,29.091264306416765,2
20240609T142206_2416110_013,20240609T142206_2416110_013_3219_2.npy,11.9376,4185.0,-95.36135395870735,29.091264306416765,2
20240609T142206_2416110_013,20240609T142206_2416110_013_3219_3.npy,5.4468,4185.0,-95.36135395870735,29.091264306416765,2
20240609T142206_2416110_013,20240609T142206_2416110_013_3219_4.npy,3.0564,4185.0,-95.36135395870735,29.091264306416765,2
20240609T142206_2416110_013,20240609T142206_2416110_013_3219_5.npy,7.6895999999999995,4185.0,-95.36135395870735,29.091264306416765,2
20240609T142206_2416110_013,20240609T142206_2416110_013_3219_6.npy,4.6872,4185.0,-95.36135395870735,29.091264306416765,2
20240609T142206_2416110_013,20240609T142206_2416110_013_3219_7.npy,0.19799999999999998,4185.0,-95.36135395870735,29.091264306416765,2
20240609T142206_2416110_013,20240609T142206_2416110_013_3219_8.npy,2.1456,4185.0,-95.36135395870735,29.091264306416765,2
20240609T142206_2416110_013,20240609T142206_2416110_013_3219_9.npy,1.9476,4185.0,-95.36135395870735,29.091264306416765,2
20240610T011426_2416201_018,20240610T011426_2416201_018_3234_1.npy,3.8556,4977.0,108.17863610000629,35.881099925067055,3
20240610T011426_2416201_018,20240610T011426_2416201_018_3234_2.npy,0.9935999999999999,4977.0,108.17863610000629,35.881099925067055,3
20240610T011426_2416201_018,20240610T011426_2416201_018_3234_3.npy,0.0432,4977.0,108.17863610000629,35.881099925067055,3
20240610T011426_2416201_018,20240610T011426_2416201_018_3234_4.npy,5.6628,4977.0,108.17863610000629,35.881099925067055,3
20240610T011426_2416201_018,20240610T011426_2416201_018_3234_5.npy,2.052,4977.0,108.17863610000629,35.881099925067055,3
20240610T011426_2416201_018,20240610T011426_2416201_018_3234_6.npy,0.18,4977.0,108.17863610000629,35.881099925067055,3
20240610T011426_2416201_018,20240610T011426_2416201_018_3234_7.npy,1.8072,4977.0,108.17863610000629,35.881099925067055,3
20240610T011426_2416201_018,20240610T011426_2416201_018_3234_8.npy,1.0584,4977.0,108.17863610000629,35.881099925067055,3
20240610T011426_2416201_018,20240610T011426_2416201_018_3234_9.npy,0.1368,4977.0,108.17863610000629,35.881099925067055,3
20240610T041628_2416203_003,20240610T041628_2416203_003_3229_1.npy,4.2876,1944.0,49.81652324725255,26.244001342550582,3
20240610T041628_2416203_003,20240610T041628_2416203_003_3229_2.npy,11.6568,1944.0,49.81652324725255,26.244001342550582,3
20240610T041628_2416203_003,20240610T041628_2416203_003_3229_3.npy,13.5144,1944.0,49.81652324725255,26.244001342550582,3
20240610T041628_2416203_003,20240610T041628_2416203_003_3229_4.npy,3.0492,1944.0,49.81652324725255,26.244001342550582,3
20240610T041628_2416203_003,20240610T041628_2416203_003_3229_5.npy,10.2996,1944.0,49.81652324725255,26.244001342550582,3
20240610T041628_2416203_003,20240610T041628_2416203_003_3229_6.npy,14.4072,1944.0,49.81652324725255,26.244001342550582,3
20240610T041628_2416203_003,20240610T041628_2416203_003_3229_7.npy,0.738,1944.0,49.81652324725255,26.244001342550582,3
20240610T041628_2416203_003,20240610T041628_2416203_003_3229_8.npy,5.5764,1944.0,49.81652324725255,26.244001342550582,3
20240610T041628_2416203_003,20240610T041628_2416203_003_3229_9.npy,12.096,1944.0,49.81652324725255,26.244001342550582,3
20240610T041715_2416203_007,20240610T041715_2416203_007_3230_1.npy,5.922,7218.0,52.0640770437152,28.633620059320396,1
20240610T041715_2416203_007,20240610T041715_2416203_007_3230_2.npy,3.8051999999999997,7218.0,52.0640770437152,28.633620059320396,1
20240610T041715_2416203_007,20240610T041715_2416203_007_3230_3.npy,1.1448,7218.0,52.0640770437152,28.633620059320396,1
20240610T041715_2416203_007,20240610T041715_2416203_007_3230_4.npy,13.2948,7218.0,52.0640770437152,28.633620059320396,1
20240610T041715_2416203_007,20240610T041715_2416203_007_3230_5.npy,11.033999999999999,7218.0,52.0640770437152,28.633620059320396,1
20240610T041715_2416203_007,20240610T041715_2416203_007_3230_6.npy,4.7448,7218.0,52.0640770437152,28.633620059320396,1
20240610T041715_2416203_007,20240610T041715_2416203_007_3230_7.npy,14.7456,7218.0,52.0640770437152,28.633620059320396,1
20240610T041715_2416203_007,20240610T041715_2416203_007_3230_8.npy,14.3532,7218.0,52.0640770437152,28.633620059320396,1
20240610T041715_2416203_007,20240610T041715_2416203_007_3230_9.npy,7.1028,7218.0,52.0640770437152,28.633620059320396,1
20240610T041727_2416203_008,20240610T041727_2416203_008_3232_1.npy,1.8252,4847.0,52.70228472005694,29.42744846897571,2
20240610T041727_2416203_008,20240610T041727_2416203_008_3232_4.npy,4.3632,4847.0,52.70228472005694,29.42744846897571,2
20240610T041727_2416203_008,20240610T041727_2416203_008_3232_5.npy,10.4004,4847.0,52.70228472005694,29.42744846897571,2
20240610T041727_2416203_008,20240610T041727_2416203_008_3232_7.npy,2.538,4847.0,52.70228472005694,29.42744846897571,2
20240610T041727_2416203_008,20240610T041727_2416203_008_3232_8.npy,5.6735999999999995,4847.0,52.70228472005694,29.42744846897571,2
20240610T041727_2416203_008,20240610T041727_2416203_008_3232_9.npy,4.7088,4847.0,52.70228472005694,29.42744846897571,2
20240610T041739_2416203_009,20240610T041739_2416203_009_3233_1.npy,0.3528,3946.0,53.25102403055638,29.743570028285177,0
20240610T041739_2416203_009,20240610T041739_2416203_009_3233_2.npy,0.5256,3946.0,53.25102403055638,29.743570028285177,0
20240610T041739_2416203_009,20240610T041739_2416203_009_3233_3.npy,0.1728,3946.0,53.25102403055638,29.743570028285177,0
20240610T041739_2416203_009,20240610T041739_2416203_009_3233_4.npy,0.8964,3946.0,53.25102403055638,29.743570028285177,0
20240610T041739_2416203_009,20240610T041739_2416203_009_3233_5.npy,4.3595999999999995,3946.0,53.25102403055638,29.743570028285177,0
20240610T041739_2416203_009,20240610T041739_2416203_009_3233_6.npy,4.2012,3946.0,53.25102403055638,29.743570028285177,0
20240610T041739_2416203_009,20240610T041739_2416203_009_3233_7.npy,0.5436,3946.0,53.25102403055638,29.743570028285177,0
20240610T041739_2416203_009,20240610T041739_2416203_009_3233_8.npy,6.3864,3946.0,53.25102403055638,29.743570028285177,0
20240610T041739_2416203_009,20240610T041739_2416203_009_3233_9.npy,9.2124,3946.0,53.25102403055638,29.743570028285177,0
20240612T105308_2416407_003,20240612T105308_2416407_003_3311_1.npy,0.0324,5812.0,69.81080519918581,27.96938522200637,4
20240612T105308_2416407_003,20240612T105308_2416407_003_3311_2.npy,3.348,5812.0,69.81080519918581,27.96938522200637,4
20240612T105308_2416407_003,20240612T105308_2416407_003_3311_3.npy,3.888,5812.0,69.81080519918581,27.96938522200637,4
20240612T105308_2416407_003,20240612T105308_2416407_003_3311_4.npy,0.3096,5812.0,69.81080519918581,27.96938522200637,4
20240612T105308_2416407_003,20240612T105308_2416407_003_3311_5.npy,3.7152,5812.0,69.81080519918581,27.96938522200637,4
20240612T105308_2416407_003,20240612T105308_2416407_003_3311_6.npy,3.9672,5812.0,69.81080519918581,27.96938522200637,4
20240612T105308_2416407_003,20240612T105308_2416407_003_3311_7.npy,0.2772,5812.0,69.81080519918581,27.96938522200637,4
20240612T105308_2416407_003,20240612T105308_2416407_003_3311_8.npy,0.6192,5812.0,69.81080519918581,27.96938522200637,4
20240612T105308_2416407_003,20240612T105308_2416407_003_3311_9.npy,0.34199999999999997,5812.0,69.81080519918581,27.96938522200637,4
20240612T135823_2416409_014,20240612T135823_2416409_014_3244_1.npy,0.6083999999999999,3069.0,21.450171182560947,29.14223416332095,2
20240612T135823_2416409_014,20240612T135823_2416409_014_3244_2.npy,1.0116,3069.0,21.450171182560947,29.14223416332095,2
20240612T135823_2416409_014,20240612T135823_2416409_014_3244_3.npy,0.5148,3069.0,21.450171182560947,29.14223416332095,2
20240612T135823_2416409_014,20240612T135823_2416409_014_3244_4.npy,5.7348,3069.0,21.450171182560947,29.14223416332095,2
20240612T135823_2416409_014,20240612T135823_2416409_014_3244_5.npy,3.87,3069.0,21.450171182560947,29.14223416332095,2
20240612T135823_2416409_014,20240612T135823_2416409_014_3244_6.npy,0.7524,3069.0,21.450171182560947,29.14223416332095,2
20240612T135823_2416409_014,20240612T135823_2416409_014_3244_7.npy,7.8876,3069.0,21.450171182560947,29.14223416332095,2
20240612T135823_2416409_014,20240612T135823_2416409_014_3244_8.npy,2.8584,3069.0,21.450171182560947,29.14223416332095,2
20240612T135823_2416409_014,20240612T135823_2416409_014_3244_9.npy,0.2376,3069.0,21.450171182560947,29.14223416332095,2
20240615T015805_2416702_007,20240615T015805_2416702_007_3243_1.npy,0.3888,4440.0,85.1239938037459,45.46777088319958,0
20240615T015805_2416702_007,20240615T015805_2416702_007_3243_2.npy,5.061599999999999,4440.0,85.1239938037459,45.46777088319958,0
20240615T015805_2416702_007,20240615T015805_2416702_007_3243_3.npy,12.0456,4440.0,85.1239938037459,45.46777088319958,0
20240615T015805_2416702_007,20240615T015805_2416702_007_3243_4.npy,0.5075999999999999,4440.0,85.1239938037459,45.46777088319958,0
20240615T015805_2416702_007,20240615T015805_2416702_007_3243_5.npy,5.616,4440.0,85.1239938037459,45.46777088319958,0
20240615T015805_2416702_007,20240615T015805_2416702_007_3243_6.npy,10.116,4440.0,85.1239938037459,45.46777088319958,0
20240615T015805_2416702_007,20240615T015805_2416702_007_3243_7.npy,0.1188,4440.0,85.1239938037459,45.46777088319958,0
20240615T015805_2416702_007,20240615T015805_2416702_007_3243_8.npy,1.6956,4440.0,85.1239938037459,45.46777088319958,0
20240615T015805_2416702_007,20240615T015805_2416702_007_3243_9.npy,2.898,4440.0,85.1239938037459,45.46777088319958,0
20240619T050711_2417104_011,20240619T050711_2417104_011_3329_1.npy,1.4724,11281.0,42.890587266018,51.33581121741396,2
20240619T050711_2417104_011,20240619T050711_2417104_011_3329_2.npy,2.178,11281.0,42.890587266018,51.33581121741396,2
20240619T050711_2417104_011,20240619T050711_2417104_011_3329_3.npy,0.7091999999999999,11281.0,42.890587266018,51.33581121741396,2
20240619T050711_2417104_011,20240619T050711_2417104_011_3329_4.npy,2.2212,11281.0,42.890587266018,51.33581121741396,2
20240619T050711_2417104_011,20240619T050711_2417104_011_3329_5.npy,5.5332,11281.0,42.890587266018,51.33581121741396,2
20240619T050711_2417104_011,20240619T050711_2417104_011_3329_6.npy,6.6312,11281.0,42.890587266018,51.33581121741396,2
20240619T050711_2417104_011,20240619T050711_2417104_011_3329_7.npy,0.7488,11281.0,42.890587266018,51.33581121741396,2
20240619T050711_2417104_011,20240619T050711_2417104_011_3329_8.npy,3.3552,11281.0,42.890587266018,51.33581121741396,2
20240619T050711_2417104_011,20240619T050711_2417104_011_3329_9.npy,6.3468,11281.0,42.890587266018,51.33581121741396,2
20240619T050711_2417104_011,20240619T050711_2417104_011_3330_1.npy,1.026,11357.0,43.15357003834234,51.43341307106011,2
20240619T050711_2417104_011,20240619T050711_2417104_011_3330_2.npy,1.5839999999999999,11357.0,43.15357003834234,51.43341307106011,2
20240619T050711_2417104_011,20240619T050711_2417104_011_3330_3.npy,0.5688,11357.0,43.15357003834234,51.43341307106011,2
20240619T050711_2417104_011,20240619T050711_2417104_011_3330_4.npy,1.5876,11357.0,43.15357003834234,51.43341307106011,2
20240619T050711_2417104_011,20240619T050711_2417104_011_3330_5.npy,4.6512,11357.0,43.15357003834234,51.43341307106011,2
20240619T050711_2417104_011,20240619T050711_2417104_011_3330_6.npy,6.4332,11357.0,43.15357003834234,51.43341307106011,2
20240619T050711_2417104_011,20240619T050711_2417104_011_3330_7.npy,0.5616,11357.0,43.15357003834234,51.43341307106011,2
20240619T050711_2417104_011,20240619T050711_2417104_011_3330_8.npy,3.0671999999999997,11357.0,43.15357003834234,51.43341307106011,2
20240619T050711_2417104_011,20240619T050711_2417104_011_3330_9.npy,6.606,11357.0,43.15357003834234,51.43341307106011,2
20240623T064530_2417505_006,20240623T064530_2417505_006_3252_1.npy,0.3816,3817.0,38.763655554346784,45.17333862470044,4
20240623T064530_2417505_006,20240623T064530_2417505_006_3252_2.npy,1.9512,3817.0,38.763655554346784,45.17333862470044,4
20240623T064530_2417505_006,20240623T064530_2417505_006_3252_3.npy,3.2616,3817.0,38.763655554346784,45.17333862470044,4
20240623T064530_2417505_006,20240623T064530_2417505_006_3252_4.npy,1.3032,3817.0,38.763655554346784,45.17333862470044,4
20240623T064530_2417505_006,20240623T064530_2417505_006_3252_5.npy,6.5556,3817.0,38.763655554346784,45.17333862470044,4
20240623T064530_2417505_006,20240623T064530_2417505_006_3252_6.npy,10.630799999999999,3817.0,38.763655554346784,45.17333862470044,4
20240623T064530_2417505_006,20240623T064530_2417505_006_3252_7.npy,0.9216,3817.0,38.763655554346784,45.17333862470044,4
20240623T064530_2417505_006,20240623T064530_2417505_006_3252_8.npy,6.066,3817.0,38.763655554346784,45.17333862470044,4
20240623T064530_2417505_006,20240623T064530_2417505_006_3252_9.npy,11.840399999999999,3817.0,38.763655554346784,45.17333862470044,4
20240623T065329_2417505_023,20240623T065329_2417505_023_3254_1.npy,0.2988,950.0,67.48788108240755,26.16971548727547,1
20240623T065329_2417505_023,20240623T065329_2417505_023_3254_2.npy,0.3636,950.0,67.48788108240755,26.16971548727547,1
20240623T065329_2417505_023,20240623T065329_2417505_023_3254_3.npy,0.0648,950.0,67.48788108240755,26.16971548727547,1
20240623T065329_2417505_023,20240623T065329_2417505_023_3254_4.npy,0.4032,950.0,67.48788108240755,26.16971548727547,1
20240623T065329_2417505_023,20240623T065329_2417505_023_3254_5.npy,0.522,950.0,67.48788108240755,26.16971548727547,1
20240623T065329_2417505_023,20240623T065329_2417505_023_3254_6.npy,0.1188,950.0,67.48788108240755,26.16971548727547,1
20240623T065329_2417505_023,20240623T065329_2417505_023_3254_7.npy,0.10439999999999999,950.0,67.48788108240755,26.16971548727547,1
20240623T065329_2417505_023,20240623T065329_2417505_023_3254_8.npy,0.15839999999999999,950.0,67.48788108240755,26.16971548727547,1
20240623T065329_2417505_023,20240623T065329_2417505_023_3254_9.npy,0.054,950.0,67.48788108240755,26.16971548727547,1
20240623T082351_2417506_027,20240623T082351_2417506_027_3251_1.npy,0.2268,1464.0,36.13274336606288,32.50895588159273,0
20240623T082351_2417506_027,20240623T082351_2417506_027_3251_2.npy,1.3572,1464.0,36.13274336606288,32.50895588159273,0
20240623T082351_2417506_027,20240623T082351_2417506_027_3251_3.npy,2.8691999999999998,1464.0,36.13274336606288,32.50895588159273,0
20240623T082351_2417506_027,20240623T082351_2417506_027_3251_4.npy,0.5148,1464.0,36.13274336606288,32.50895588159273,0
20240623T082351_2417506_027,20240623T082351_2417506_027_3251_5.npy,3.6719999999999997,1464.0,36.13274336606288,32.50895588159273,0
20240623T082351_2417506_027,20240623T082351_2417506_027_3251_6.npy,8.0244,1464.0,36.13274336606288,32.50895588159273,0
20240623T082351_2417506_027,20240623T082351_2417506_027_3251_7.npy,0.288,1464.0,36.13274336606288,32.50895588159273,0
20240623T082351_2417506_027,20240623T082351_2417506_027_3251_8.npy,2.3148,1464.0,36.13274336606288,32.50895588159273,0
20240623T082351_2417506_027,20240623T082351_2417506_027_3251_9.npy,5.1552,1464.0,36.13274336606288,32.50895588159273,0
20240623T095646_2417507_015,20240623T095646_2417507_015_3249_1.npy,0.0576,1069.0,13.345963934809356,32.596255317353986,0
20240624T025623_2417602_012,20240624T025623_2417602_012_3265_2.npy,0.324,3444.0,106.7476844790498,37.177035648479695,2
20240624T025623_2417602_012,20240624T025623_2417602_012_3265_3.npy,0.18359999999999999,3444.0,106.7476844790498,37.177035648479695,2
20240624T025623_2417602_012,20240624T025623_2417602_012_3265_6.npy,1.2491999999999999,3444.0,106.7476844790498,37.177035648479695,2
20240624T073352_2417605_013,20240624T073352_2417605_013_3259_1.npy,2.2104,2372.0,32.45911804132599,39.95109722211134,4
20240624T073352_2417605_013,20240624T073352_2417605_013_3259_2.npy,1.656,2372.0,32.45911804132599,39.95109722211134,4
20240624T073352_2417605_013,20240624T073352_2417605_013_3259_3.npy,0.3132,2372.0,32.45911804132599,39.95109722211134,4
20240624T073352_2417605_013,20240624T073352_2417605_013_3259_4.npy,8.9892,2372.0,32.45911804132599,39.95109722211134,4
20240624T073352_2417605_013,20240624T073352_2417605_013_3259_5.npy,5.0687999999999995,2372.0,32.45911804132599,39.95109722211134,4
20240624T073352_2417605_013,20240624T073352_2417605_013_3259_6.npy,0.6335999999999999,2372.0,32.45911804132599,39.95109722211134,4
20240624T073352_2417605_013,20240624T073352_2417605_013_3259_7.npy,8.802,2372.0,32.45911804132599,39.95109722211134,4
20240624T073352_2417605_013,20240624T073352_2417605_013_3259_8.npy,3.7439999999999998,2372.0,32.45911804132599,39.95109722211134,4
20240624T073352_2417605_013,20240624T073352_2417605_013_3259_9.npy,0.3204,2372.0,32.45911804132599,39.95109722211134,4
20240624T073515_2417605_020,20240624T073515_2417605_020_3260_1.npy,0.9072,1854.0,37.40102523094252,36.980747476146966,1
20240624T073515_2417605_020,20240624T073515_2417605_020_3260_2.npy,1.8539999999999999,1854.0,37.40102523094252,36.980747476146966,1
20240624T073515_2417605_020,20240624T073515_2417605_020_3260_3.npy,0.9468,1854.0,37.40102523094252,36.980747476146966,1
20240624T073515_2417605_020,20240624T073515_2417605_020_3260_4.npy,2.3291999999999997,1854.0,37.40102523094252,36.980747476146966,1
20240624T073515_2417605_020,20240624T073515_2417605_020_3260_5.npy,4.3308,1854.0,37.40102523094252,36.980747476146966,1
20240624T073515_2417605_020,20240624T073515_2417605_020_3260_6.npy,2.0016,1854.0,37.40102523094252,36.980747476146966,1
20240624T073515_2417605_020,20240624T073515_2417605_020_3260_7.npy,1.422,1854.0,37.40102523094252,36.980747476146966,1
20240624T073515_2417605_020,20240624T073515_2417605_020_3260_8.npy,2.4768,1854.0,37.40102523094252,36.980747476146966,1
20240624T073515_2417605_020,20240624T073515_2417605_020_3260_9.npy,1.0548,1854.0,37.40102523094252,36.980747476146966,1
20240624T073538_2417605_022,20240624T073538_2417605_022_3261_1.npy,0.0288,3950.0,38.615083843796526,35.37085912350581,0
20240624T073538_2417605_022,20240624T073538_2417605_022_3261_2.npy,0.1008,3950.0,38.615083843796526,35.37085912350581,0
20240624T073538_2417605_022,20240624T073538_2417605_022_3261_3.npy,0.072,3950.0,38.615083843796526,35.37085912350581,0
20240624T073538_2417605_022,20240624T073538_2417605_022_3261_4.npy,0.1224,3950.0,38.615083843796526,35.37085912350581,0
20240624T073538_2417605_022,20240624T073538_2417605_022_3261_5.npy,2.1959999999999997,3950.0,38.615083843796526,35.37085912350581,0
20240624T073538_2417605_022,20240624T073538_2417605_022_3261_6.npy,4.9608,3950.0,38.615083843796526,35.37085912350581,0
20240624T073538_2417605_022,20240624T073538_2417605_022_3261_7.npy,0.0936,3950.0,38.615083843796526,35.37085912350581,0
20240624T073538_2417605_022,20240624T073538_2417605_022_3261_8.npy,2.0951999999999997,3950.0,38.615083843796526,35.37085912350581,0
20240624T073538_2417605_022,20240624T073538_2417605_022_3261_9.npy,5.1156,3950.0,38.615083843796526,35.37085912350581,0
20240624T073918_2417605_029,20240624T073918_2417605_029_3262_1.npy,3.2616,2362.0,49.88376007976435,26.170257719795774,0
20240624T073918_2417605_029,20240624T073918_2417605_029_3262_2.npy,7.8732,2362.0,49.88376007976435,26.170257719795774,0
20240624T073918_2417605_029,20240624T073918_2417605_029_3262_3.npy,9.7308,2362.0,49.88376007976435,26.170257719795774,0
20240624T073918_2417605_029,20240624T073918_2417605_029_3262_4.npy,6.9948,2362.0,49.88376007976435,26.170257719795774,0
20240624T073918_2417605_029,20240624T073918_2417605_029_3262_5.npy,13.5,2362.0,49.88376007976435,26.170257719795774,0
20240624T073918_2417605_029,20240624T073918_2417605_029_3262_6.npy,12.5316,2362.0,49.88376007976435,26.170257719795774,0
20240624T073918_2417605_029,20240624T073918_2417605_029_3262_7.npy,3.8664,2362.0,49.88376007976435,26.170257719795774,0
20240624T073918_2417605_029,20240624T073918_2417605_029_3262_8.npy,6.6888,2362.0,49.88376007976435,26.170257719795774,0
20240624T073918_2417605_029,20240624T073918_2417605_029_3263_1.npy,0.018,1966.0,49.43316485543131,25.69092417188915,0
20240624T073918_2417605_029,20240624T073918_2417605_029_3263_2.npy,0.039599999999999996,1966.0,49.43316485543131,25.69092417188915,0
20240624T073918_2417605_029,20240624T073918_2417605_029_3263_4.npy,0.6984,1966.0,49.43316485543131,25.69092417188915,0
20240624T151739_2417610_014,20240624T151739_2417610_014_3256_1.npy,0.378,7114.0,-87.33577042639291,40.93199585125506,3
20240624T151739_2417610_014,20240624T151739_2417610_014_3256_2.npy,2.5848,7114.0,-87.33577042639291,40.93199585125506,3
20240624T151739_2417610_014,20240624T151739_2417610_014_3256_3.npy,5.1444,7114.0,-87.33577042639291,40.93199585125506,3
20240624T151739_2417610_014,20240624T151739_2417610_014_3256_4.npy,2.3112,7114.0,-87.33577042639291,40.93199585125506,3
20240624T151739_2417610_014,20240624T151739_2417610_014_3256_5.npy,8.2044,7114.0,-87.33577042639291,40.93199585125506,3
20240624T151739_2417610_014,20240624T151739_2417610_014_3256_6.npy,12.517199999999999,7114.0,-87.33577042639291,40.93199585125506,3
20240624T151739_2417610_014,20240624T151739_2417610_014_3256_7.npy,1.9367999999999999,7114.0,-87.33577042639291,40.93199585125506,3
20240624T151739_2417610_014,20240624T151739_2417610_014_3256_8.npy,6.0336,7114.0,-87.33577042639291,40.93199585125506,3
20240624T151739_2417610_014,20240624T151739_2417610_014_3256_9.npy,10.152,7114.0,-87.33577042639291,40.93199585125506,3
20240624T151751_2417610_015,20240624T151751_2417610_015_3257_1.npy,0.34199999999999997,3230.0,-86.69159819232836,40.89024394719532,3
20240624T151751_2417610_015,20240624T151751_2417610_015_3257_2.npy,1.926,3230.0,-86.69159819232836,40.89024394719532,3
20240624T151751_2417610_015,20240624T151751_2417610_015_3257_3.npy,1.5839999999999999,3230.0,-86.69159819232836,40.89024394719532,3
20240624T151751_2417610_015,20240624T151751_2417610_015_3257_4.npy,0.972,3230.0,-86.69159819232836,40.89024394719532,3
20240624T151751_2417610_015,20240624T151751_2417610_015_3257_5.npy,3.5063999999999997,3230.0,-86.69159819232836,40.89024394719532,3
20240624T151751_2417610_015,20240624T151751_2417610_015_3257_6.npy,2.5343999999999998,3230.0,-86.69159819232836,40.89024394719532,3
20240624T151751_2417610_015,20240624T151751_2417610_015_3257_7.npy,0.63,3230.0,-86.69159819232836,40.89024394719532,3
20240624T151751_2417610_015,20240624T151751_2417610_015_3257_8.npy,1.5804,3230.0,-86.69159819232836,40.89024394719532,3
20240624T151751_2417610_015,20240624T151751_2417610_015_3257_9.npy,0.9504,3230.0,-86.69159819232836,40.89024394719532,3
20240625T020841_2417702_012,20240625T020841_2417702_012_3286_1.npy,2.628,2882.0,110.84208223950556,38.744087632020616,1
20240625T020841_2417702_012,20240625T020841_2417702_012_3286_2.npy,5.4252,2882.0,110.84208223950556,38.744087632020616,1
20240625T020841_2417702_012,20240625T020841_2417702_012_3286_3.npy,2.7972,2882.0,110.84208223950556,38.744087632020616,1
20240625T020841_2417702_012,20240625T020841_2417702_012_3286_4.npy,2.5056,2882.0,110.84208223950556,38.744087632020616,1
20240625T020841_2417702_012,20240625T020841_2417702_012_3286_5.npy,4.4676,2882.0,110.84208223950556,38.744087632020616,1
20240625T020841_2417702_012,20240625T020841_2417702_012_3286_6.npy,1.962,2882.0,110.84208223950556,38.744087632020616,1
20240625T020841_2417702_012,20240625T020841_2417702_012_3286_7.npy,0.1368,2882.0,110.84208223950556,38.744087632020616,1
20240625T020841_2417702_012,20240625T020841_2417702_012_3286_8.npy,0.2592,2882.0,110.84208223950556,38.744087632020616,1
20240625T020841_2417702_012,20240625T020841_2417702_012_3286_9.npy,0.1224,2882.0,110.84208223950556,38.744087632020616,1
20240625T020904_2417702_014,20240625T020904_2417702_014_3290_1.npy,7.8804,3517.0,113.00342106524744,37.89332480773837,3
20240625T020904_2417702_014,20240625T020904_2417702_014_3290_2.npy,2.8764,3517.0,113.00342106524744,37.89332480773837,3
20240625T020904_2417702_014,20240625T020904_2417702_014_3290_3.npy,0.2556,3517.0,113.00342106524744,37.89332480773837,3
20240625T020904_2417702_014,20240625T020904_2417702_014_3290_4.npy,2.8872,3517.0,113.00342106524744,37.89332480773837,3
20240625T020904_2417702_014,20240625T020904_2417702_014_3290_5.npy,1.7711999999999999,3517.0,113.00342106524744,37.89332480773837,3
20240625T020904_2417702_014,20240625T020904_2417702_014_3290_7.npy,0.29159999999999997,3517.0,113.00342106524744,37.89332480773837,3
20240625T020904_2417702_014,20240625T020904_2417702_014_3291_1.npy,12.3912,5373.0,112.96709148639026,37.94971698984504,3
20240625T020904_2417702_014,20240625T020904_2417702_014_3291_2.npy,14.202,5373.0,112.96709148639026,37.94971698984504,3
20240625T020904_2417702_014,20240625T020904_2417702_014_3291_3.npy,7.811999999999999,5373.0,112.96709148639026,37.94971698984504,3
20240625T020904_2417702_014,20240625T020904_2417702_014_3291_4.npy,13.482,5373.0,112.96709148639026,37.94971698984504,3
20240625T020904_2417702_014,20240625T020904_2417702_014_3291_5.npy,14.7384,5373.0,112.96709148639026,37.94971698984504,3
20240625T020904_2417702_014,20240625T020904_2417702_014_3291_6.npy,10.123199999999999,5373.0,112.96709148639026,37.94971698984504,3
20240625T020904_2417702_014,20240625T020904_2417702_014_3291_7.npy,11.411999999999999,5373.0,112.96709148639026,37.94971698984504,3
20240625T020904_2417702_014,20240625T020904_2417702_014_3291_8.npy,14.7456,5373.0,112.96709148639026,37.94971698984504,3
20240625T020904_2417702_014,20240625T020904_2417702_014_3291_9.npy,11.07,5373.0,112.96709148639026,37.94971698984504,3
20240625T020904_2417702_014,20240625T020904_2417702_014_3292_4.npy,3.1788,5641.0,113.02348366849692,37.93833010691965,3
20240625T020904_2417702_014,20240625T020904_2417702_014_3292_5.npy,2.0124,5641.0,113.02348366849692,37.93833010691965,3
20240625T020904_2417702_014,20240625T020904_2417702_014_3292_7.npy,1.8756,5641.0,113.02348366849692,37.93833010691965,3
20240625T020904_2417702_014,20240625T020904_2417702_014_3292_8.npy,0.41759999999999997,5641.0,113.02348366849692,37.93833010691965,3
20240625T020904_2417702_014,20240625T020904_2417702_014_3292_9.npy,2.4804,5641.0,113.02348366849692,37.93833010691965,3
20240625T020940_2417702_017,20240625T020940_2417702_017_3294_1.npy,0.8316,5913.0,114.17789670412272,36.360433472973625,2
20240625T020940_2417702_017,20240625T020940_2417702_017_3294_2.npy,1.9008,5913.0,114.17789670412272,36.360433472973625,2
20240625T020940_2417702_017,20240625T020940_2417702_017_3294_3.npy,1.0692,5913.0,114.17789670412272,36.360433472973625,2
20240625T020940_2417702_017,20240625T020940_2417702_017_3294_4.npy,0.8423999999999999,5913.0,114.17789670412272,36.360433472973625,2
20240625T020940_2417702_017,20240625T020940_2417702_017_3294_5.npy,2.0088,5913.0,114.17789670412272,36.360433472973625,2
20240625T020940_2417702_017,20240625T020940_2417702_017_3294_6.npy,1.1663999999999999,5913.0,114.17789670412272,36.360433472973625,2
20240625T020940_2417702_017,20240625T020940_2417702_017_3294_7.npy,0.0108,5913.0,114.17789670412272,36.360433472973625,2
20240625T020940_2417702_017,20240625T020940_2417702_017_3294_8.npy,0.108,5913.0,114.17789670412272,36.360433472973625,2
20240625T020940_2417702_017,20240625T020940_2417702_017_3294_9.npy,0.0972,5913.0,114.17789670412272,36.360433472973625,2
20240625T020940_2417702_017,20240625T020940_2417702_017_3295_1.npy,11.4408,2120.0,114.28417427809298,36.3072946859885,2
20240625T020940_2417702_017,20240625T020940_2417702_017_3295_2.npy,8.7084,2120.0,114.28417427809298,36.3072946859885,2
20240625T020940_2417702_017,20240625T020940_2417702_017_3295_3.npy,1.764,2120.0,114.28417427809298,36.3072946859885,2
20240625T020940_2417702_017,20240625T020940_2417702_017_3295_4.npy,4.3632,2120.0,114.28417427809298,36.3072946859885,2
20240625T020940_2417702_017,20240625T020940_2417702_017_3295_5.npy,4.4892,2120.0,114.28417427809298,36.3072946859885,2
20240625T020940_2417702_017,20240625T020940_2417702_017_3295_6.npy,1.026,2120.0,114.28417427809298,36.3072946859885,2
20240625T020940_2417702_017,20240625T020940_2417702_017_3295_7.npy,0.2052,2120.0,114.28417427809298,36.3072946859885,2
20240625T020940_2417702_017,20240625T020940_2417702_017_3295_8.npy,0.3132,2120.0,114.28417427809298,36.3072946859885,2
20240625T020940_2417702_017,20240625T020940_2417702_017_3295_9.npy,0.108,2120.0,114.28417427809298,36.3072946859885,2
20240625T051339_2417704_010,20240625T051339_2417704_010_3283_2.npy,0.8388,2534.0,61.0434475791606,40.04869907575748,0
20240625T051339_2417704_010,20240625T051339_2417704_010_3283_3.npy,0.1152,2534.0,61.0434475791606,40.04869907575748,0
20240625T051339_2417704_010,20240625T051339_2417704_010_3283_6.npy,0.2556,2534.0,61.0434475791606,40.04869907575748,0
20240625T051438_2417704_015,20240625T051438_2417704_015_3284_7.npy,6.8652,5277.0,64.77454955104466,38.66166828894169,4
20240625T051438_2417704_015,20240625T051438_2417704_015_3284_8.npy,8.9856,5277.0,64.77454955104466,38.66166828894169,4
20240625T051438_2417704_015,20240625T051438_2417704_015_3285_5.npy,2.3508,1291.0,64.61730212017032,38.73270074909527,4
20240625T051438_2417704_015,20240625T051438_2417704_015_3285_6.npy,0.9648,1291.0,64.61730212017032,38.73270074909527,4
20240625T051438_2417704_015,20240625T051438_2417704_015_3285_7.npy,1.8144,1291.0,64.61730212017032,38.73270074909527,4
20240625T051438_2417704_015,20240625T051438_2417704_015_3285_8.npy,2.862,1291.0,64.61730212017032,38.73270074909527,4
20240625T051438_2417704_015,20240625T051438_2417704_015_3285_9.npy,1.0475999999999999,1291.0,64.61730212017032,38.73270074909527,4
20240625T064958_2417705_024,20240625T064958_2417705_024_3275_1.npy,3.42,2292.0,49.10565641319651,32.06812084262427,2
20240625T064958_2417705_024,20240625T064958_2417705_024_3275_2.npy,8.614799999999999,2292.0,49.10565641319651,32.06812084262427,2
20240625T064958_2417705_024,20240625T064958_2417705_024_3275_3.npy,5.1948,2292.0,49.10565641319651,32.06812084262427,2
20240625T064958_2417705_024,20240625T064958_2417705_024_3275_4.npy,2.9952,2292.0,49.10565641319651,32.06812084262427,2
20240625T064958_2417705_024,20240625T064958_2417705_024_3275_5.npy,6.4872,2292.0,49.10565641319651,32.06812084262427,2
20240625T064958_2417705_024,20240625T064958_2417705_024_3275_6.npy,3.492,2292.0,49.10565641319651,32.06812084262427,2
20240625T064958_2417705_024,20240625T064958_2417705_024_3275_7.npy,0.7632,2292.0,49.10565641319651,32.06812084262427,2
20240625T064958_2417705_024,20240625T064958_2417705_024_3275_8.npy,1.1556,2292.0,49.10565641319651,32.06812084262427,2
20240625T064958_2417705_024,20240625T064958_2417705_024_3275_9.npy,0.39239999999999997,2292.0,49.10565641319651,32.06812084262427,2
20240625T065010_2417705_025,20240625T065010_2417705_025_3276_1.npy,0.126,4341.0,49.88104891716312,31.1295163500605,4
20240625T065010_2417705_025,20240625T065010_2417705_025_3276_2.npy,0.1656,4341.0,49.88104891716312,31.1295163500605,4
20240625T065010_2417705_025,20240625T065010_2417705_025_3276_3.npy,0.039599999999999996,4341.0,49.88104891716312,31.1295163500605,4
20240625T065010_2417705_025,20240625T065010_2417705_025_3276_4.npy,0.7884,4341.0,49.88104891716312,31.1295163500605,4
20240625T065010_2417705_025,20240625T065010_2417705_025_3276_5.npy,1.3788,4341.0,49.88104891716312,31.1295163500605,4
20240625T065010_2417705_025,20240625T065010_2417705_025_3276_6.npy,0.5904,4341.0,49.88104891716312,31.1295163500605,4
20240625T065010_2417705_025,20240625T065010_2417705_025_3276_7.npy,0.6624,4341.0,49.88104891716312,31.1295163500605,4
20240625T065010_2417705_025,20240625T065010_2417705_025_3276_8.npy,1.2132,4341.0,49.88104891716312,31.1295163500605,4
20240625T065010_2417705_025,20240625T065010_2417705_025_3276_9.npy,0.5508,4341.0,49.88104891716312,31.1295163500605,4
20240625T065010_2417705_025,20240625T065010_2417705_025_3277_1.npy,0.2376,2819.0,49.95099691227619,30.99558491755717,4
20240625T065010_2417705_025,20240625T065010_2417705_025_3277_2.npy,0.6984,2819.0,49.95099691227619,30.99558491755717,4
20240625T065010_2417705_025,20240625T065010_2417705_025_3277_3.npy,0.4608,2819.0,49.95099691227619,30.99558491755717,4
20240625T065010_2417705_025,20240625T065010_2417705_025_3277_4.npy,1.188,2819.0,49.95099691227619,30.99558491755717,4
20240625T065010_2417705_025,20240625T065010_2417705_025_3277_5.npy,3.7008,2819.0,49.95099691227619,30.99558491755717,4
20240625T065010_2417705_025,20240625T065010_2417705_025_3277_6.npy,2.5128,2819.0,49.95099691227619,30.99558491755717,4
20240625T065010_2417705_025,20240625T065010_2417705_025_3277_8.npy,3.0023999999999997,2819.0,49.95099691227619,30.99558491755717,4
20240625T065010_2417705_025,20240625T065010_2417705_025_3277_9.npy,2.052,2819.0,49.95099691227619,30.99558491755717,4
20240625T065021_2417705_026,20240625T065021_2417705_026_3278_1.npy,6.9192,4545.0,50.70144672031101,30.83562632408155,1
20240625T065021_2417705_026,20240625T065021_2417705_026_3278_2.npy,3.7763999999999998,4545.0,50.70144672031101,30.83562632408155,1
20240625T065021_2417705_026,20240625T065021_2417705_026_3278_3.npy,0.72,4545.0,50.70144672031101,30.83562632408155,1
20240625T065021_2417705_026,20240625T065021_2417705_026_3278_4.npy,10.331999999999999,4545.0,50.70144672031101,30.83562632408155,1
20240625T065021_2417705_026,20240625T065021_2417705_026_3278_5.npy,5.7528,4545.0,50.70144672031101,30.83562632408155,1
20240625T065021_2417705_026,20240625T065021_2417705_026_3278_6.npy,1.0116,4545.0,50.70144672031101,30.83562632408155,1
20240625T065021_2417705_026,20240625T065021_2417705_026_3278_7.npy,3.6324,4545.0,50.70144672031101,30.83562632408155,1
20240625T065021_2417705_026,20240625T065021_2417705_026_3278_8.npy,1.9764,4545.0,50.70144672031101,30.83562632408155,1
20240625T065021_2417705_026,20240625T065021_2417705_026_3278_9.npy,0.29159999999999997,4545.0,50.70144672031101,30.83562632408155,1
20240625T065021_2417705_026,20240625T065021_2417705_026_3279_3.npy,0.072,6034.0,50.48075808456666,30.467450442827477,1
20240625T065045_2417705_028,20240625T065045_2417705_028_3280_1.npy,0.5724,13888.0,51.54516052182991,30.06348721523648,1
20240625T065045_2417705_028,20240625T065045_2417705_028_3280_2.npy,3.4776,13888.0,51.54516052182991,30.06348721523648,1
20240625T065045_2417705_028,20240625T065045_2417705_028_3280_3.npy,9.666,13888.0,51.54516052182991,30.06348721523648,1
20240625T065045_2417705_028,20240625T065045_2417705_028_3280_4.npy,1.7748,13888.0,51.54516052182991,30.06348721523648,1
20240625T065045_2417705_028,20240625T065045_2417705_028_3280_5.npy,7.6968,13888.0,51.54516052182991,30.06348721523648,1
20240625T065045_2417705_028,20240625T065045_2417705_028_3280_6.npy,13.2948,13888.0,51.54516052182991,30.06348721523648,1
20240625T065045_2417705_028,20240625T065045_2417705_028_3280_7.npy,2.7612,13888.0,51.54516052182991,30.06348721523648,1
20240625T065045_2417705_028,20240625T065045_2417705_028_3280_8.npy,10.134,13888.0,51.54516052182991,30.06348721523648,1
20240625T065045_2417705_028,20240625T065045_2417705_028_3280_9.npy,14.7456,13888.0,51.54516052182991,30.06348721523648,1
20240625T065122_2417705_030,20240625T065122_2417705_030_3281_1.npy,1.6092,4141.0,53.20113863869281,28.04584000736253,2
20240625T065122_2417705_030,20240625T065122_2417705_030_3281_2.npy,7.1819999999999995,4141.0,53.20113863869281,28.04584000736253,2
20240625T065122_2417705_030,20240625T065122_2417705_030_3281_3.npy,12.1248,4141.0,53.20113863869281,28.04584000736253,2
20240625T065122_2417705_030,20240625T065122_2417705_030_3281_4.npy,2.0987999999999998,4141.0,53.20113863869281,28.04584000736253,2
20240625T065122_2417705_030,20240625T065122_2417705_030_3281_5.npy,7.5527999999999995,4141.0,53.20113863869281,28.04584000736253,2
20240625T065122_2417705_030,20240625T065122_2417705_030_3281_6.npy,8.953199999999999,4141.0,53.20113863869281,28.04584000736253,2
20240625T065122_2417705_030,20240625T065122_2417705_030_3281_7.npy,0.4896,4141.0,53.20113863869281,28.04584000736253,2
20240625T065122_2417705_030,20240625T065122_2417705_030_3281_8.npy,2.2716,4141.0,53.20113863869281,28.04584000736253,2
20240625T065122_2417705_030,20240625T065122_2417705_030_3281_9.npy,2.3651999999999997,4141.0,53.20113863869281,28.04584000736253,2
20240625T065122_2417705_030,20240625T065122_2417705_030_3282_1.npy,1.26,1568.0,53.41477825167382,28.48071048860814,2
20240625T065122_2417705_030,20240625T065122_2417705_030_3282_2.npy,1.7784,1568.0,53.41477825167382,28.48071048860814,2
20240625T065122_2417705_030,20240625T065122_2417705_030_3282_3.npy,0.5184,1568.0,53.41477825167382,28.48071048860814,2
20240625T065122_2417705_030,20240625T065122_2417705_030_3282_4.npy,1.3536,1568.0,53.41477825167382,28.48071048860814,2
20240625T065122_2417705_030,20240625T065122_2417705_030_3282_5.npy,1.9727999999999999,1568.0,53.41477825167382,28.48071048860814,2
20240625T065122_2417705_030,20240625T065122_2417705_030_3282_6.npy,0.6192,1568.0,53.41477825167382,28.48071048860814,2
20240625T065122_2417705_030,20240625T065122_2417705_030_3282_7.npy,0.0936,1568.0,53.41477825167382,28.48071048860814,2
20240625T065122_2417705_030,20240625T065122_2417705_030_3282_8.npy,0.1944,1568.0,53.41477825167382,28.48071048860814,2
20240625T065122_2417705_030,20240625T065122_2417705_030_3282_9.npy,0.1008,1568.0,53.41477825167382,28.48071048860814,2
20240625T082337_2417706_014,20240625T082337_2417706_014_3269_1.npy,0.0756,5969.0,27.82031883053279,29.848763137214902,1
20240625T082337_2417706_014,20240625T082337_2417706_014_3269_2.npy,0.1512,5969.0,27.82031883053279,29.848763137214902,1
20240625T082337_2417706_014,20240625T082337_2417706_014_3269_3.npy,0.0756,5969.0,27.82031883053279,29.848763137214902,1
20240625T082337_2417706_014,20240625T082337_2417706_014_3269_4.npy,1.4831999999999999,5969.0,27.82031883053279,29.848763137214902,1
20240625T082337_2417706_014,20240625T082337_2417706_014_3269_5.npy,2.7252,5969.0,27.82031883053279,29.848763137214902,1
20240625T082337_2417706_014,20240625T082337_2417706_014_3269_6.npy,1.242,5969.0,27.82031883053279,29.848763137214902,1
20240625T082337_2417706_014,20240625T082337_2417706_014_3269_7.npy,3.6864,5969.0,27.82031883053279,29.848763137214902,1
20240625T082337_2417706_014,20240625T082337_2417706_014_3269_8.npy,6.3504,5969.0,27.82031883053279,29.848763137214902,1
20240625T082337_2417706_014,20240625T082337_2417706_014_3269_9.npy,2.664,5969.0,27.82031883053279,29.848763137214902,1
20240625T082337_2417706_014,20240625T082337_2417706_014_3274_1.npy,0.0036,1880.0,28.42328139305787,29.68988900877979,1
20240625T082337_2417706_014,20240625T082337_2417706_014_3274_2.npy,0.0288,1880.0,28.42328139305787,29.68988900877979,1
20240625T082337_2417706_014,20240625T082337_2417706_014_3274_3.npy,0.0252,1880.0,28.42328139305787,29.68988900877979,1
20240625T082337_2417706_014,20240625T082337_2417706_014_3274_4.npy,0.0864,1880.0,28.42328139305787,29.68988900877979,1
20240625T082337_2417706_014,20240625T082337_2417706_014_3274_5.npy,1.0692,1880.0,28.42328139305787,29.68988900877979,1
20240625T082337_2417706_014,20240625T082337_2417706_014_3274_6.npy,0.9828,1880.0,28.42328139305787,29.68988900877979,1
20240625T082337_2417706_014,20240625T082337_2417706_014_3274_7.npy,0.0828,1880.0,28.42328139305787,29.68988900877979,1
20240625T082337_2417706_014,20240625T082337_2417706_014_3274_8.npy,1.0404,1880.0,28.42328139305787,29.68988900877979,1
20240625T082337_2417706_014,20240625T082337_2417706_014_3274_9.npy,0.9576,1880.0,28.42328139305787,29.68988900877979,1
20240625T082349_2417706_015,20240625T082349_2417706_015_3270_1.npy,0.0,2469.0,28.527390036947093,29.565175529120825,0
20240625T082349_2417706_015,20240625T082349_2417706_015_3270_2.npy,0.018,2469.0,28.527390036947093,29.565175529120825,0
20240625T082349_2417706_015,20240625T082349_2417706_015_3270_3.npy,0.018,2469.0,28.527390036947093,29.565175529120825,0
20240625T082349_2417706_015,20240625T082349_2417706_015_3270_4.npy,0.0504,2469.0,28.527390036947093,29.565175529120825,0
20240625T082349_2417706_015,20240625T082349_2417706_015_3270_5.npy,1.6812,2469.0,28.527390036947093,29.565175529120825,0
20240625T082349_2417706_015,20240625T082349_2417706_015_3270_6.npy,2.3616,2469.0,28.527390036947093,29.565175529120825,0
20240625T082349_2417706_015,20240625T082349_2417706_015_3270_7.npy,0.0504,2469.0,28.527390036947093,29.565175529120825,0
20240625T082349_2417706_015,20240625T082349_2417706_015_3270_8.npy,3.7512,2469.0,28.527390036947093,29.565175529120825,0
20240625T082349_2417706_015,20240625T082349_2417706_015_3270_9.npy,6.3,2469.0,28.527390036947093,29.565175529120825,0
20240625T082349_2417706_015,20240625T082349_2417706_015_3271_1.npy,1.2888,2598.0,28.53986138491299,29.548908553513137,0
20240625T082349_2417706_015,20240625T082349_2417706_015_3271_2.npy,2.2032,2598.0,28.53986138491299,29.548908553513137,0
20240625T082349_2417706_015,20240625T082349_2417706_015_3271_3.npy,0.9144,2598.0,28.53986138491299,29.548908553513137,0
20240625T082349_2417706_015,20240625T082349_2417706_015_3271_4.npy,2.3868,2598.0,28.53986138491299,29.548908553513137,0
20240625T082349_2417706_015,20240625T082349_2417706_015_3271_5.npy,6.318,2598.0,28.53986138491299,29.548908553513137,0
20240625T082349_2417706_015,20240625T082349_2417706_015_3271_6.npy,3.9312,2598.0,28.53986138491299,29.548908553513137,0
20240625T082349_2417706_015,20240625T082349_2417706_015_3271_7.npy,1.1124,2598.0,28.53986138491299,29.548908553513137,0
20240625T082349_2417706_015,20240625T082349_2417706_015_3271_8.npy,4.1652,2598.0,28.53986138491299,29.548908553513137,0
20240625T082349_2417706_015,20240625T082349_2417706_015_3271_9.npy,3.0528,2598.0,28.53986138491299,29.548908553513137,0
20240625T082349_2417706_015,20240625T082349_2417706_015_3272_1.npy,0.0324,2719.0,28.61740063530965,29.601505107978003,0
20240625T082349_2417706_015,20240625T082349_2417706_015_3272_2.npy,1.2491999999999999,2719.0,28.61740063530965,29.601505107978003,0
20240625T082349_2417706_015,20240625T082349_2417706_015_3272_3.npy,1.2167999999999999,2719.0,28.61740063530965,29.601505107978003,0
20240625T082349_2417706_015,20240625T082349_2417706_015_3272_4.npy,0.4896,2719.0,28.61740063530965,29.601505107978003,0
20240625T082349_2417706_015,20240625T082349_2417706_015_3272_5.npy,5.3928,2719.0,28.61740063530965,29.601505107978003,0
20240625T082349_2417706_015,20240625T082349_2417706_015_3272_6.npy,6.3107999999999995,2719.0,28.61740063530965,29.601505107978003,0
20240625T082349_2417706_015,20240625T082349_2417706_015_3272_7.npy,0.9072,2719.0,28.61740063530965,29.601505107978003,0
20240625T082349_2417706_015,20240625T082349_2417706_015_3272_8.npy,8.2008,2719.0,28.61740063530965,29.601505107978003,0
20240625T082349_2417706_015,20240625T082349_2417706_015_3272_9.npy,11.8764,2719.0,28.61740063530965,29.601505107978003,0
20240625T082349_2417706_015,20240625T082349_2417706_015_3273_1.npy,0.0324,3636.0,28.699819978388614,29.63458129171364,0
20240625T082349_2417706_015,20240625T082349_2417706_015_3273_2.npy,0.4896,3636.0,28.699819978388614,29.63458129171364,0
20240625T082349_2417706_015,20240625T082349_2417706_015_3273_3.npy,2.5704,3636.0,28.699819978388614,29.63458129171364,0
20240625T082349_2417706_015,20240625T082349_2417706_015_3273_4.npy,0.6587999999999999,3636.0,28.699819978388614,29.63458129171364,0
20240625T082349_2417706_015,20240625T082349_2417706_015_3273_5.npy,4.4568,3636.0,28.699819978388614,29.63458129171364,0
20240625T082349_2417706_015,20240625T082349_2417706_015_3273_6.npy,9.5976,3636.0,28.699819978388614,29.63458129171364,0
20240625T082349_2417706_015,20240625T082349_2417706_015_3273_7.npy,0.6839999999999999,3636.0,28.699819978388614,29.63458129171364,0
20240625T082349_2417706_015,20240625T082349_2417706_015_3273_8.npy,7.3548,3636.0,28.699819978388614,29.63458129171364,0
20240625T082349_2417706_015,20240625T082349_2417706_015_3273_9.npy,13.3992,3636.0,28.699819978388614,29.63458129171364,0
20240625T173943_2417712_012,20240625T173943_2417712_012_3268_1.npy,0.1404,3702.0,-116.74049776737508,32.404847237703464,3
20240625T173943_2417712_012,20240625T173943_2417712_012_3268_2.npy,0.5652,3702.0,-116.74049776737508,32.404847237703464,3
20240625T173943_2417712_012,20240625T173943_2417712_012_3268_3.npy,0.4284,3702.0,-116.74049776737508,32.404847237703464,3
20240625T173943_2417712_012,20240625T173943_2417712_012_3268_4.npy,0.8892,3702.0,-116.74049776737508,32.404847237703464,3
20240625T173943_2417712_012,20240625T173943_2417712_012_3268_5.npy,4.9932,3702.0,-116.74049776737508,32.404847237703464,3
20240625T173943_2417712_012,20240625T173943_2417712_012_3268_6.npy,5.464799999999999,3702.0,-116.74049776737508,32.404847237703464,3
20240625T173943_2417712_012,20240625T173943_2417712_012_3268_7.npy,0.7488,3702.0,-116.74049776737508,32.404847237703464,3
20240626T060123_2417804_016,20240626T060123_2417804_016_3300_1.npy,0.2016,2385.0,50.80501313167994,35.77861797873861,0
20240626T060123_2417804_016,20240626T060123_2417804_016_3300_2.npy,0.4068,2385.0,50.80501313167994,35.77861797873861,0
20240626T060123_2417804_016,20240626T060123_2417804_016_3300_3.npy,0.2052,2385.0,50.80501313167994,35.77861797873861,0
20240626T060123_2417804_016,20240626T060123_2417804_016_3300_4.npy,0.3816,2385.0,50.80501313167994,35.77861797873861,0
20240626T060123_2417804_016,20240626T060123_2417804_016_3300_5.npy,2.2716,2385.0,50.80501313167994,35.77861797873861,0
20240626T060123_2417804_016,20240626T060123_2417804_016_3300_6.npy,4.3848,2385.0,50.80501313167994,35.77861797873861,0
20240626T060123_2417804_016,20240626T060123_2417804_016_3300_7.npy,0.18,2385.0,50.80501313167994,35.77861797873861,0
20240626T060123_2417804_016,20240626T060123_2417804_016_3300_8.npy,1.8648,2385.0,50.80501313167994,35.77861797873861,0
20240626T060123_2417804_016,20240626T060123_2417804_016_3300_9.npy,4.6152,2385.0,50.80501313167994,35.77861797873861,0
20240626T060135_2417804_017,20240626T060135_2417804_017_3301_1.npy,0.7163999999999999,4375.0,51.33477430397041,35.45544739666581,3
20240626T060135_2417804_017,20240626T060135_2417804_017_3301_2.npy,2.664,4375.0,51.33477430397041,35.45544739666581,3
20240626T060135_2417804_017,20240626T060135_2417804_017_3301_3.npy,2.0268,4375.0,51.33477430397041,35.45544739666581,3
20240626T060135_2417804_017,20240626T060135_2417804_017_3301_4.npy,1.2636,4375.0,51.33477430397041,35.45544739666581,3
20240626T060135_2417804_017,20240626T060135_2417804_017_3301_5.npy,5.598,4375.0,51.33477430397041,35.45544739666581,3
20240626T060135_2417804_017,20240626T060135_2417804_017_3301_6.npy,4.5396,4375.0,51.33477430397041,35.45544739666581,3
20240626T060135_2417804_017,20240626T060135_2417804_017_3301_7.npy,0.5472,4375.0,51.33477430397041,35.45544739666581,3
20240626T060135_2417804_017,20240626T060135_2417804_017_3301_8.npy,2.9339999999999997,4375.0,51.33477430397041,35.45544739666581,3
20240626T060135_2417804_017,20240626T060135_2417804_017_3301_9.npy,2.5128,4375.0,51.33477430397041,35.45544739666581,3
20240627T064756_2417905_012,20240627T064756_2417905_012_3362_1.npy,0.0324,1783.0,36.44994939041283,33.33098038230132,4
20240627T064756_2417905_012,20240627T064756_2417905_012_3362_2.npy,1.6488,1783.0,36.44994939041283,33.33098038230132,4
20240627T064756_2417905_012,20240627T064756_2417905_012_3362_3.npy,1.8828,1783.0,36.44994939041283,33.33098038230132,4
20240627T064756_2417905_012,20240627T064756_2417905_012_3362_4.npy,0.2988,1783.0,36.44994939041283,33.33098038230132,4
20240627T064756_2417905_012,20240627T064756_2417905_012_3362_5.npy,2.0124,1783.0,36.44994939041283,33.33098038230132,4
20240627T064756_2417905_012,20240627T064756_2417905_012_3362_6.npy,1.98,1783.0,36.44994939041283,33.33098038230132,4
20240627T064756_2417905_012,20240627T064756_2417905_012_3362_7.npy,0.26639999999999997,1783.0,36.44994939041283,33.33098038230132,4
20240627T064756_2417905_012,20240627T064756_2417905_012_3362_8.npy,0.3636,1783.0,36.44994939041283,33.33098038230132,4
20240627T064756_2417905_012,20240627T064756_2417905_012_3362_9.npy,0.0972,1783.0,36.44994939041283,33.33098038230132,4
20240627T160544_2417911_014,20240627T160544_2417911_014_3332_1.npy,0.0108,1177.0,-103.184684760966,31.34152926548073,3
20240627T160544_2417911_014,20240627T160544_2417911_014_3332_2.npy,0.0144,1177.0,-103.184684760966,31.34152926548073,3
20240627T160544_2417911_014,20240627T160544_2417911_014_3332_3.npy,0.0036,1177.0,-103.184684760966,31.34152926548073,3
20240627T160544_2417911_014,20240627T160544_2417911_014_3332_4.npy,0.0828,1177.0,-103.184684760966,31.34152926548073,3
20240627T160544_2417911_014,20240627T160544_2417911_014_3332_5.npy,0.1908,1177.0,-103.184684760966,31.34152926548073,3
20240627T160544_2417911_014,20240627T160544_2417911_014_3332_6.npy,0.108,1177.0,-103.184684760966,31.34152926548073,3
20240627T160544_2417911_014,20240627T160544_2417911_014_3332_7.npy,0.072,1177.0,-103.184684760966,31.34152926548073,3
20240627T160544_2417911_014,20240627T160544_2417911_014_3332_8.npy,0.1764,1177.0,-103.184684760966,31.34152926548073,3
20240627T160544_2417911_014,20240627T160544_2417911_014_3332_9.npy,0.10439999999999999,1177.0,-103.184684760966,31.34152926548073,3
20240628T060014_2418004_003,20240628T060014_2418004_003_3364_1.npy,0.9179999999999999,1567.0,40.70376351182403,35.03792835606834,1
20240628T060014_2418004_003,20240628T060014_2418004_003_3364_2.npy,1.5948,1567.0,40.70376351182403,35.03792835606834,1
20240628T060014_2418004_003,20240628T060014_2418004_003_3364_3.npy,0.6768,1567.0,40.70376351182403,35.03792835606834,1
20240628T060014_2418004_003,20240628T060014_2418004_003_3364_4.npy,1.008,1567.0,40.70376351182403,35.03792835606834,1
20240628T060014_2418004_003,20240628T060014_2418004_003_3364_5.npy,2.4156,1567.0,40.70376351182403,35.03792835606834,1
20240628T060014_2418004_003,20240628T060014_2418004_003_3364_6.npy,1.4076,1567.0,40.70376351182403,35.03792835606834,1
20240628T060014_2418004_003,20240628T060014_2418004_003_3364_7.npy,0.09,1567.0,40.70376351182403,35.03792835606834,1
20240628T060014_2418004_003,20240628T060014_2418004_003_3364_8.npy,0.8208,1567.0,40.70376351182403,35.03792835606834,1
20240628T060014_2418004_003,20240628T060014_2418004_003_3364_9.npy,0.7308,1567.0,40.70376351182403,35.03792835606834,1
20240701T145112_2418309_037,20240701T145112_2418309_037_3312_1.npy,0.24839999999999998,3411.0,-52.02125084713624,-30.1487229966318,1
20240701T145112_2418309_037,20240701T145112_2418309_037_3312_2.npy,2.2428,3411.0,-52.02125084713624,-30.1487229966318,1
20240701T145112_2418309_037,20240701T145112_2418309_037_3312_3.npy,3.5604,3411.0,-52.02125084713624,-30.1487229966318,1
20240701T145112_2418309_037,20240701T145112_2418309_037_3312_4.npy,0.666,3411.0,-52.02125084713624,-30.1487229966318,1
20240701T145112_2418309_037,20240701T145112_2418309_037_3312_5.npy,4.536,3411.0,-52.02125084713624,-30.1487229966318,1
20240701T145112_2418309_037,20240701T145112_2418309_037_3312_6.npy,7.9235999999999995,3411.0,-52.02125084713624,-30.1487229966318,1
20240701T145112_2418309_037,20240701T145112_2418309_037_3312_7.npy,0.41759999999999997,3411.0,-52.02125084713624,-30.1487229966318,1
20240701T145112_2418309_037,20240701T145112_2418309_037_3312_8.npy,2.2932,3411.0,-52.02125084713624,-30.1487229966318,1
20240701T145112_2418309_037,20240701T145112_2418309_037_3312_9.npy,4.3632,3411.0,-52.02125084713624,-30.1487229966318,1
20240702T042711_2418403_004,20240702T042711_2418403_004_3317_2.npy,0.3852,1883.0,47.93063854180088,29.037041054391164,1
20240702T042711_2418403_004,20240702T042711_2418403_004_3317_3.npy,0.0648,1883.0,47.93063854180088,29.037041054391164,1
20240702T042711_2418403_004,20240702T042711_2418403_004_3317_4.npy,0.6192,1883.0,47.93063854180088,29.037041054391164,1
20240702T042711_2418403_004,20240702T042711_2418403_004_3317_5.npy,2.952,1883.0,47.93063854180088,29.037041054391164,1
20240702T042711_2418403_004,20240702T042711_2418403_004_3317_6.npy,2.8584,1883.0,47.93063854180088,29.037041054391164,1
20240702T042711_2418403_004,20240702T042711_2418403_004_3317_7.npy,0.2988,1883.0,47.93063854180088,29.037041054391164,1
20240702T042711_2418403_004,20240702T042711_2418403_004_3317_8.npy,2.5667999999999997,1883.0,47.93063854180088,29.037041054391164,1
20240702T042711_2418403_004,20240702T042711_2418403_004_3317_9.npy,2.7936,1883.0,47.93063854180088,29.037041054391164,1
20240703T131452_2418508_031,20240703T131452_2418508_031_3324_1.npy,0.036,6173.0,-46.80009390958771,-23.480347462519006,3
20240703T131452_2418508_031,20240703T131452_2418508_031_3324_2.npy,0.3528,6173.0,-46.80009390958771,-23.480347462519006,3
20240703T131452_2418508_031,20240703T131452_2418508_031_3324_3.npy,0.31679999999999997,6173.0,-46.80009390958771,-23.480347462519006,3
20240703T131452_2418508_031,20240703T131452_2418508_031_3324_4.npy,0.9396,6173.0,-46.80009390958771,-23.480347462519006,3
20240703T131452_2418508_031,20240703T131452_2418508_031_3324_5.npy,3.6324,6173.0,-46.80009390958771,-23.480347462519006,3
20240703T131452_2418508_031,20240703T131452_2418508_031_3324_6.npy,2.6928,6173.0,-46.80009390958771,-23.480347462519006,3
20240703T131452_2418508_031,20240703T131452_2418508_031_3324_7.npy,3.2328,6173.0,-46.80009390958771,-23.480347462519006,3
20240703T131452_2418508_031,20240703T131452_2418508_031_3324_8.npy,8.9676,6173.0,-46.80009390958771,-23.480347462519006,3
20240703T131452_2418508_031,20240703T131452_2418508_031_3324_9.npy,5.7564,6173.0,-46.80009390958771,-23.480347462519006,3
20240703T131504_2418508_032,20240703T131504_2418508_032_3318_1.npy,0.2592,5290.0,-46.330520547045694,-23.882141760028976,2
20240703T131504_2418508_032,20240703T131504_2418508_032_3318_2.npy,0.5544,5290.0,-46.330520547045694,-23.882141760028976,2
20240703T131504_2418508_032,20240703T131504_2418508_032_3318_3.npy,0.2952,5290.0,-46.330520547045694,-23.882141760028976,2
20240703T131504_2418508_032,20240703T131504_2418508_032_3318_4.npy,3.276,5290.0,-46.330520547045694,-23.882141760028976,2
20240703T131504_2418508_032,20240703T131504_2418508_032_3318_5.npy,5.0112,5290.0,-46.330520547045694,-23.882141760028976,2
20240703T131504_2418508_032,20240703T131504_2418508_032_3318_6.npy,1.7711999999999999,5290.0,-46.330520547045694,-23.882141760028976,2
20240703T131504_2418508_032,20240703T131504_2418508_032_3318_7.npy,4.3092,5290.0,-46.330520547045694,-23.882141760028976,2
20240703T131504_2418508_032,20240703T131504_2418508_032_3318_8.npy,5.7348,5290.0,-46.330520547045694,-23.882141760028976,2
20240703T131504_2418508_032,20240703T131504_2418508_032_3318_9.npy,1.5876,5290.0,-46.330520547045694,-23.882141760028976,2
20240703T131504_2418508_032,20240703T131504_2418508_032_3319_1.npy,0.054,4447.0,-46.47258546735286,-23.716218608830527,2
20240703T131504_2418508_032,20240703T131504_2418508_032_3319_2.npy,0.3456,4447.0,-46.47258546735286,-23.716218608830527,2
20240703T131504_2418508_032,20240703T131504_2418508_032_3319_3.npy,0.5616,4447.0,-46.47258546735286,-23.716218608830527,2
20240703T131504_2418508_032,20240703T131504_2418508_032_3319_4.npy,0.9828,4447.0,-46.47258546735286,-23.716218608830527,2
20240703T131504_2418508_032,20240703T131504_2418508_032_3319_5.npy,3.2328,4447.0,-46.47258546735286,-23.716218608830527,2
20240703T131504_2418508_032,20240703T131504_2418508_032_3319_6.npy,3.2004,4447.0,-46.47258546735286,-23.716218608830527,2
20240703T131504_2418508_032,20240703T131504_2418508_032_3319_7.npy,1.8359999999999999,4447.0,-46.47258546735286,-23.716218608830527,2
20240703T131504_2418508_032,20240703T131504_2418508_032_3319_8.npy,5.6196,4447.0,-46.47258546735286,-23.716218608830527,2
20240703T131504_2418508_032,20240703T131504_2418508_032_3319_9.npy,5.6952,4447.0,-46.47258546735286,-23.716218608830527,2
20240703T131504_2418508_032,20240703T131504_2418508_032_3320_1.npy,0.8964,5735.0,-46.42215784296902,-23.64084828851489,2
20240703T131504_2418508_032,20240703T131504_2418508_032_3320_2.npy,2.0808,5735.0,-46.42215784296902,-23.64084828851489,2
20240703T131504_2418508_032,20240703T131504_2418508_032_3320_3.npy,1.1844,5735.0,-46.42215784296902,-23.64084828851489,2
20240703T131504_2418508_032,20240703T131504_2418508_032_3320_4.npy,3.726,5735.0,-46.42215784296902,-23.64084828851489,2
20240703T131504_2418508_032,20240703T131504_2418508_032_3320_5.npy,7.909199999999999,5735.0,-46.42215784296902,-23.64084828851489,2
20240703T131504_2418508_032,20240703T131504_2418508_032_3320_6.npy,4.1832,5735.0,-46.42215784296902,-23.64084828851489,2
20240703T131504_2418508_032,20240703T131504_2418508_032_3320_7.npy,3.7836,5735.0,-46.42215784296902,-23.64084828851489,2
20240703T131504_2418508_032,20240703T131504_2418508_032_3320_8.npy,10.436399999999999,5735.0,-46.42215784296902,-23.64084828851489,2
20240703T131504_2418508_032,20240703T131504_2418508_032_3320_9.npy,7.0596,5735.0,-46.42215784296902,-23.64084828851489,2
20240703T145156_2418509_010,20240703T145156_2418509_010_3325_1.npy,8.315999999999999,3087.0,-58.61208713085237,-34.528877295262724,3
20240703T145156_2418509_010,20240703T145156_2418509_010_3325_2.npy,13.816799999999999,3087.0,-58.61208713085237,-34.528877295262724,3
20240703T145156_2418509_010,20240703T145156_2418509_010_3325_3.npy,7.5672,3087.0,-58.61208713085237,-34.528877295262724,3
20240703T145156_2418509_010,20240703T145156_2418509_010_3325_4.npy,6.39,3087.0,-58.61208713085237,-34.528877295262724,3
20240703T145156_2418509_010,20240703T145156_2418509_010_3325_5.npy,8.4564,3087.0,-58.61208713085237,-34.528877295262724,3
20240703T145156_2418509_010,20240703T145156_2418509_010_3325_6.npy,3.4812,3087.0,-58.61208713085237,-34.528877295262724,3
20240703T145156_2418509_010,20240703T145156_2418509_010_3325_7.npy,1.7424,3087.0,-58.61208713085237,-34.528877295262724,3
20240703T145156_2418509_010,20240703T145156_2418509_010_3325_8.npy,1.944,3087.0,-58.61208713085237,-34.528877295262724,3
20240703T145156_2418509_010,20240703T145156_2418509_010_3325_9.npy,0.6552,3087.0,-58.61208713085237,-34.528877295262724,3
20240719T135301_2420109_014,20240719T135301_2420109_014_3340_1.npy,0.29159999999999997,2368.0,39.4978383867739,33.06908207501754,0
20240719T135301_2420109_014,20240719T135301_2420109_014_3340_2.npy,0.7632,2368.0,39.4978383867739,33.06908207501754,0
20240719T135301_2420109_014,20240719T135301_2420109_014_3340_3.npy,0.47159999999999996,2368.0,39.4978383867739,33.06908207501754,0
20240719T135301_2420109_014,20240719T135301_2420109_014_3340_4.npy,0.5004,2368.0,39.4978383867739,33.06908207501754,0
20240719T135301_2420109_014,20240719T135301_2420109_014_3340_5.npy,1.9584,2368.0,39.4978383867739,33.06908207501754,0
20240719T135301_2420109_014,20240719T135301_2420109_014_3340_6.npy,1.458,2368.0,39.4978383867739,33.06908207501754,0
20240719T135301_2420109_014,20240719T135301_2420109_014_3340_7.npy,0.20879999999999999,2368.0,39.4978383867739,33.06908207501754,0
20240719T135301_2420109_014,20240719T135301_2420109_014_3340_8.npy,1.1952,2368.0,39.4978383867739,33.06908207501754,0
20240719T135301_2420109_014,20240719T135301_2420109_014_3340_9.npy,0.9863999999999999,2368.0,39.4978383867739,33.06908207501754,0
20240719T165816_2420111_005,20240719T165816_2420111_005_3339_1.npy,0.3312,2036.0,-9.659335202107568,31.52046599716537,4
20240719T165816_2420111_005,20240719T165816_2420111_005_3339_2.npy,0.4896,2036.0,-9.659335202107568,31.52046599716537,4
20240719T165816_2420111_005,20240719T165816_2420111_005_3339_3.npy,0.15839999999999999,2036.0,-9.659335202107568,31.52046599716537,4
20240719T165816_2420111_005,20240719T165816_2420111_005_3339_4.npy,0.432,2036.0,-9.659335202107568,31.52046599716537,4
20240719T165816_2420111_005,20240719T165816_2420111_005_3339_5.npy,0.8892,2036.0,-9.659335202107568,31.52046599716537,4
20240719T165816_2420111_005,20240719T165816_2420111_005_3339_6.npy,0.4572,2036.0,-9.659335202107568,31.52046599716537,4
20240719T165816_2420111_005,20240719T165816_2420111_005_3339_7.npy,0.1008,2036.0,-9.659335202107568,31.52046599716537,4
20240719T165816_2420111_005,20240719T165816_2420111_005_3339_8.npy,0.3996,2036.0,-9.659335202107568,31.52046599716537,4
20240719T165816_2420111_005,20240719T165816_2420111_005_3339_9.npy,0.2988,2036.0,-9.659335202107568,31.52046599716537,4
20240720T155223_2420210_014,20240720T155223_2420210_014_3342_1.npy,1.062,3693.0,-47.55108595014277,-23.427750908054165,4
20240720T155223_2420210_014,20240720T155223_2420210_014_3342_2.npy,2.3796,3693.0,-47.55108595014277,-23.427750908054165,4
20240720T155223_2420210_014,20240720T155223_2420210_014_3342_3.npy,1.3175999999999999,3693.0,-47.55108595014277,-23.427750908054165,4
20240720T155223_2420210_014,20240720T155223_2420210_014_3342_4.npy,1.4256,3693.0,-47.55108595014277,-23.427750908054165,4
20240720T155223_2420210_014,20240720T155223_2420210_014_3342_5.npy,4.3452,3693.0,-47.55108595014277,-23.427750908054165,4
20240720T155223_2420210_014,20240720T155223_2420210_014_3342_6.npy,2.9196,3693.0,-47.55108595014277,-23.427750908054165,4
20240720T155223_2420210_014,20240720T155223_2420210_014_3342_7.npy,0.3636,3693.0,-47.55108595014277,-23.427750908054165,4
20240720T155223_2420210_014,20240720T155223_2420210_014_3342_8.npy,1.9656,3693.0,-47.55108595014277,-23.427750908054165,4
20240720T155223_2420210_014,20240720T155223_2420210_014_3342_9.npy,1.6019999999999999,3693.0,-47.55108595014277,-23.427750908054165,4
20240720T155235_2420210_015,20240720T155235_2420210_015_3344_1.npy,1.2816,2250.0,-47.20785276482049,-22.77761411626678,0
20240720T155235_2420210_015,20240720T155235_2420210_015_3344_2.npy,1.5515999999999999,2250.0,-47.20785276482049,-22.77761411626678,0
20240720T155235_2420210_015,20240720T155235_2420210_015_3344_3.npy,0.612,2250.0,-47.20785276482049,-22.77761411626678,0
20240720T155235_2420210_015,20240720T155235_2420210_015_3344_4.npy,8.654399999999999,2250.0,-47.20785276482049,-22.77761411626678,0
20240720T155235_2420210_015,20240720T155235_2420210_015_3344_5.npy,6.9876,2250.0,-47.20785276482049,-22.77761411626678,0
20240720T155235_2420210_015,20240720T155235_2420210_015_3344_6.npy,2.3616,2250.0,-47.20785276482049,-22.77761411626678,0
20240720T155235_2420210_015,20240720T155235_2420210_015_3344_7.npy,14.363999999999999,2250.0,-47.20785276482049,-22.77761411626678,0
20240720T155235_2420210_015,20240720T155235_2420210_015_3344_8.npy,9.2088,2250.0,-47.20785276482049,-22.77761411626678,0
20240720T155235_2420210_015,20240720T155235_2420210_015_3344_9.npy,2.214,2250.0,-47.20785276482049,-22.77761411626678,0
20240721T104340_2420307_007,20240721T104340_2420307_007_3348_1.npy,0.15839999999999999,5800.0,69.81080519918584,27.96830075696592,0
20240721T104340_2420307_007,20240721T104340_2420307_007_3348_2.npy,0.7956,5800.0,69.81080519918584,27.96830075696592,0
20240721T104340_2420307_007,20240721T104340_2420307_007_3348_3.npy,0.6372,5800.0,69.81080519918584,27.96830075696592,0
20240721T104340_2420307_007,20240721T104340_2420307_007_3348_4.npy,0.49679999999999996,5800.0,69.81080519918584,27.96830075696592,0
20240721T104340_2420307_007,20240721T104340_2420307_007_3348_5.npy,4.05,5800.0,69.81080519918584,27.96830075696592,0
20240721T104340_2420307_007,20240721T104340_2420307_007_3348_6.npy,5.5043999999999995,5800.0,69.81080519918584,27.96830075696592,0
20240721T104340_2420307_007,20240721T104340_2420307_007_3348_7.npy,0.3384,5800.0,69.81080519918584,27.96830075696592,0
20240721T104340_2420307_007,20240721T104340_2420307_007_3348_8.npy,3.5568,5800.0,69.81080519918584,27.96830075696592,0
20240721T104340_2420307_007,20240721T104340_2420307_007_3348_9.npy,6.8759999999999994,5800.0,69.81080519918584,27.96830075696592,0
20240722T112812_2420408_021,20240722T112812_2420408_021_3353_6.npy,4.7303999999999995,2067.0,49.88213338220359,26.157786371829825,0
20240722T112859_2420408_025,20240722T112859_2420408_025_3354_1.npy,0.0972,1650.0,52.199635173779306,27.740020865937904,3
20240722T112859_2420408_025,20240722T112859_2420408_025_3354_2.npy,1.0512,1650.0,52.199635173779306,27.740020865937904,3
20240722T112859_2420408_025,20240722T112859_2420408_025_3354_3.npy,0.954,1650.0,52.199635173779306,27.740020865937904,3
20240722T112859_2420408_025,20240722T112859_2420408_025_3354_4.npy,0.1296,1650.0,52.199635173779306,27.740020865937904,3
20240722T112859_2420408_025,20240722T112859_2420408_025_3354_5.npy,1.2276,1650.0,52.199635173779306,27.740020865937904,3
20240722T112859_2420408_025,20240722T112859_2420408_025_3354_6.npy,1.0979999999999999,1650.0,52.199635173779306,27.740020865937904,3
20240722T112859_2420408_025,20240722T112859_2420408_025_3354_7.npy,0.0324,1650.0,52.199635173779306,27.740020865937904,3
20240722T112859_2420408_025,20240722T112859_2420408_025_3354_8.npy,0.1764,1650.0,52.199635173779306,27.740020865937904,3
20240722T112859_2420408_025,20240722T112859_2420408_025_3354_9.npy,0.144,1650.0,52.199635173779306,27.740020865937904,3
20240722T112911_2420408_026,20240722T112911_2420408_026_3355_2.npy,0.5148,2466.0,52.426288367246464,28.685132148744756,2
20240722T112911_2420408_026,20240722T112911_2420408_026_3355_3.npy,0.306,2466.0,52.426288367246464,28.685132148744756,2
20240722T112911_2420408_026,20240722T112911_2420408_026_3355_6.npy,0.6948,2466.0,52.426288367246464,28.685132148744756,2
20240722T112911_2420408_026,20240722T112911_2420408_026_3355_9.npy,0.3888,2466.0,52.426288367246464,28.685132148744756,2
20240722T130241_2420409_016,20240722T130241_2420409_016_3352_1.npy,1.044,2003.0,31.56226545282201,30.25218413228567,3
20240722T130241_2420409_016,20240722T130241_2420409_016_3352_2.npy,1.6596,2003.0,31.56226545282201,30.25218413228567,3
20240722T130241_2420409_016,20240722T130241_2420409_016_3352_4.npy,2.6748,2003.0,31.56226545282201,30.25218413228567,3
20240722T143518_2420410_008,20240722T143518_2420410_008_3350_1.npy,1.3068,1853.0,6.962260473831095,29.645968174639098,3
20240722T143518_2420410_008,20240722T143518_2420410_008_3350_2.npy,1.7388,1853.0,6.962260473831095,29.645968174639098,3
20240722T143518_2420410_008,20240722T143518_2420410_008_3350_3.npy,0.432,1853.0,6.962260473831095,29.645968174639098,3
20240722T143518_2420410_008,20240722T143518_2420410_008_3350_4.npy,1.3716,1853.0,6.962260473831095,29.645968174639098,3
20240722T143518_2420410_008,20240722T143518_2420410_008_3350_5.npy,1.8719999999999999,1853.0,6.962260473831095,29.645968174639098,3
20240722T143518_2420410_008,20240722T143518_2420410_008_3350_6.npy,0.5004,1853.0,6.962260473831095,29.645968174639098,3
20240722T143518_2420410_008,20240722T143518_2420410_008_3350_7.npy,1.6776,1853.0,6.962260473831095,29.645968174639098,3
20240722T143518_2420410_008,20240722T143518_2420410_008_3350_8.npy,2.6208,1853.0,6.962260473831095,29.645968174639098,3
20240722T143518_2420410_008,20240722T143518_2420410_008_3350_9.npy,0.9431999999999999,1853.0,6.962260473831095,29.645968174639098,3
20240722T143518_2420410_008,20240722T143518_2420410_008_3351_1.npy,1.3968,2288.0,6.962260473831095,29.623194408788333,3
20240722T143518_2420410_008,20240722T143518_2420410_008_3351_2.npy,1.9656,2288.0,6.962260473831095,29.623194408788333,3
20240722T143518_2420410_008,20240722T143518_2420410_008_3351_3.npy,0.5688,2288.0,6.962260473831095,29.623194408788333,3
20240722T143518_2420410_008,20240722T143518_2420410_008_3351_4.npy,2.0303999999999998,2288.0,6.962260473831095,29.623194408788333,3
20240722T143518_2420410_008,20240722T143518_2420410_008_3351_5.npy,2.9916,2288.0,6.962260473831095,29.623194408788333,3
20240722T143518_2420410_008,20240722T143518_2420410_008_3351_6.npy,0.9611999999999999,2288.0,6.962260473831095,29.623194408788333,3
20240722T143518_2420410_008,20240722T143518_2420410_008_3351_7.npy,2.0052,2288.0,6.962260473831095,29.623194408788333,3
20240722T143518_2420410_008,20240722T143518_2420410_008_3351_8.npy,2.898,2288.0,6.962260473831095,29.623194408788333,3
20240722T143518_2420410_008,20240722T143518_2420410_008_3351_9.npy,0.8927999999999999,2288.0,6.962260473831095,29.623194408788333,3
20240728T095147_2421007_020,20240728T095147_2421007_020_3382_1.npy,3.3371999999999997,2434.0,50.972020747918805,35.42942023569345,4
20240728T095147_2421007_020,20240728T095147_2421007_020_3382_2.npy,3.2832,2434.0,50.972020747918805,35.42942023569345,4
20240728T095147_2421007_020,20240728T095147_2421007_020_3382_3.npy,0.8496,2434.0,50.972020747918805,35.42942023569345,4
20240728T095147_2421007_020,20240728T095147_2421007_020_3382_4.npy,4.6224,2434.0,50.972020747918805,35.42942023569345,4
20240728T095147_2421007_020,20240728T095147_2421007_020_3382_5.npy,5.9112,2434.0,50.972020747918805,35.42942023569345,4
20240728T095147_2421007_020,20240728T095147_2421007_020_3382_6.npy,2.268,2434.0,50.972020747918805,35.42942023569345,4
20240728T095147_2421007_020,20240728T095147_2421007_020_3382_7.npy,1.2852,2434.0,50.972020747918805,35.42942023569345,4
20240728T095147_2421007_020,20240728T095147_2421007_020_3382_8.npy,2.628,2434.0,50.972020747918805,35.42942023569345,4
20240728T095147_2421007_020,20240728T095147_2421007_020_3382_9.npy,1.4183999999999999,2434.0,50.972020747918805,35.42942023569345,4
20240728T095147_2421007_020,20240728T095147_2421007_020_3383_1.npy,0.702,2402.0,50.80772429428112,35.77753351369804,4
20240728T095147_2421007_020,20240728T095147_2421007_020_3383_4.npy,0.8423999999999999,2402.0,50.80772429428112,35.77753351369804,4
20240728T095147_2421007_020,20240728T095147_2421007_020_3383_5.npy,3.294,2402.0,50.80772429428112,35.77753351369804,4
20240728T095147_2421007_020,20240728T095147_2421007_020_3383_9.npy,2.2967999999999997,2402.0,50.80772429428112,35.77753351369804,4
20240728T095246_2421007_025,20240728T095246_2421007_025_3384_3.npy,5.6844,5674.0,54.03238109224574,38.33144868410552,0
20240728T095246_2421007_025,20240728T095246_2421007_025_3384_6.npy,8.3124,5674.0,54.03238109224574,38.33144868410552,0
20240728T095246_2421007_025,20240728T095246_2421007_025_3384_7.npy,0.432,5674.0,54.03238109224574,38.33144868410552,0
20240728T095246_2421007_025,20240728T095246_2421007_025_3384_8.npy,1.7064,5674.0,54.03238109224574,38.33144868410552,0
20240728T095246_2421007_025,20240728T095246_2421007_025_3384_9.npy,2.6568,5674.0,54.03238109224574,38.33144868410552,0
20240728T095246_2421007_025,20240728T095246_2421007_025_3385_1.npy,0.7919999999999999,4992.0,53.92827244835652,37.92965438659556,0
20240728T095246_2421007_025,20240728T095246_2421007_025_3385_2.npy,2.0016,4992.0,53.92827244835652,37.92965438659556,0
20240728T095246_2421007_025,20240728T095246_2421007_025_3385_3.npy,3.3047999999999997,4992.0,53.92827244835652,37.92965438659556,0
20240728T095246_2421007_025,20240728T095246_2421007_025_3385_4.npy,3.366,4992.0,53.92827244835652,37.92965438659556,0
20240728T095246_2421007_025,20240728T095246_2421007_025_3385_5.npy,5.9796,4992.0,53.92827244835652,37.92965438659556,0
20240728T095246_2421007_025,20240728T095246_2421007_025_3385_6.npy,7.8948,4992.0,53.92827244835652,37.92965438659556,0
20240728T095246_2421007_025,20240728T095246_2421007_025_3385_7.npy,5.0472,4992.0,53.92827244835652,37.92965438659556,0
20240728T095246_2421007_025,20240728T095246_2421007_025_3385_8.npy,6.1091999999999995,4992.0,53.92827244835652,37.92965438659556,0
20240728T095246_2421007_025,20240728T095246_2421007_025_3385_9.npy,6.4475999999999996,4992.0,53.92827244835652,37.92965438659556,0
20240728T095246_2421007_025,20240728T095246_2421007_025_3386_1.npy,1.1987999999999999,4897.0,53.90766761258678,37.90959178334607,0
20240728T095246_2421007_025,20240728T095246_2421007_025_3386_2.npy,3.9672,4897.0,53.90766761258678,37.90959178334607,0
20240728T095246_2421007_025,20240728T095246_2421007_025_3386_3.npy,6.5736,4897.0,53.90766761258678,37.90959178334607,0
20240728T095246_2421007_025,20240728T095246_2421007_025_3386_4.npy,1.7388,4897.0,53.90766761258678,37.90959178334607,0
20240728T095246_2421007_025,20240728T095246_2421007_025_3386_5.npy,4.194,4897.0,53.90766761258678,37.90959178334607,0
20240728T095246_2421007_025,20240728T095246_2421007_025_3386_6.npy,4.9536,4897.0,53.90766761258678,37.90959178334607,0
20240728T095246_2421007_025,20240728T095246_2421007_025_3386_7.npy,0.54,4897.0,53.90766761258678,37.90959178334607,0
20240728T095246_2421007_025,20240728T095246_2421007_025_3386_8.npy,1.2312,4897.0,53.90766761258678,37.90959178334607,0
20240728T095246_2421007_025,20240728T095246_2421007_025_3386_9.npy,1.044,4897.0,53.90766761258678,37.90959178334607,0
20240728T095246_2421007_025,20240728T095246_2421007_025_3387_1.npy,0.1404,2454.0,53.925019053234976,37.77186472320096,0
20240728T095246_2421007_025,20240728T095246_2421007_025_3387_2.npy,1.4724,2454.0,53.925019053234976,37.77186472320096,0
20240728T095246_2421007_025,20240728T095246_2421007_025_3387_3.npy,4.0536,2454.0,53.925019053234976,37.77186472320096,0
20240728T095246_2421007_025,20240728T095246_2421007_025_3387_4.npy,0.612,2454.0,53.925019053234976,37.77186472320096,0
20240728T095246_2421007_025,20240728T095246_2421007_025_3387_5.npy,2.3364,2454.0,53.925019053234976,37.77186472320096,0
20240728T095246_2421007_025,20240728T095246_2421007_025_3387_6.npy,4.446,2454.0,53.925019053234976,37.77186472320096,0
20240728T095246_2421007_025,20240728T095246_2421007_025_3387_7.npy,0.47159999999999996,2454.0,53.925019053234976,37.77186472320096,0
20240728T095246_2421007_025,20240728T095246_2421007_025_3387_8.npy,0.864,2454.0,53.925019053234976,37.77186472320096,0
20240728T095246_2421007_025,20240728T095246_2421007_025_3387_9.npy,0.39239999999999997,2454.0,53.925019053234976,37.77186472320096,0
20240728T112158_2421008_003,20240728T112158_2421008_003_3381_1.npy,0.0612,1382.0,18.78997843818325,28.12609042036045,2
20240728T112158_2421008_003,20240728T112158_2421008_003_3381_4.npy,0.1476,1382.0,18.78997843818325,28.12609042036045,2
20240728T112158_2421008_003,20240728T112158_2421008_003_3381_7.npy,0.0864,1382.0,18.78997843818325,28.12609042036045,2
20240728T112158_2421008_003,20240728T112158_2421008_003_3381_8.npy,0.378,1382.0,18.78997843818325,28.12609042036045,2
20240728T112158_2421008_003,20240728T112158_2421008_003_3381_9.npy,0.29159999999999997,1382.0,18.78997843818325,28.12609042036045,2
20240729T090210_2421106_009,20240729T090210_2421106_009_3389_1.npy,4.8456,13691.0,50.70415788291218,30.834541859041007,0
20240729T090210_2421106_009,20240729T090210_2421106_009_3389_2.npy,9.2196,13691.0,50.70415788291218,30.834541859041007,0
20240729T090210_2421106_009,20240729T090210_2421106_009_3389_3.npy,4.4604,13691.0,50.70415788291218,30.834541859041007,0
20240729T090210_2421106_009,20240729T090210_2421106_009_3389_4.npy,3.5568,13691.0,50.70415788291218,30.834541859041007,0
20240729T090210_2421106_009,20240729T090210_2421106_009_3389_5.npy,6.8364,13691.0,50.70415788291218,30.834541859041007,0
20240729T090210_2421106_009,20240729T090210_2421106_009_3389_6.npy,3.366,13691.0,50.70415788291218,30.834541859041007,0
20240729T090210_2421106_009,20240729T090210_2421106_009_3389_7.npy,0.2376,13691.0,50.70415788291218,30.834541859041007,0
20240729T090210_2421106_009,20240729T090210_2421106_009_3389_8.npy,0.7812,13691.0,50.70415788291218,30.834541859041007,0
20240729T090210_2421106_009,20240729T090210_2421106_009_3389_9.npy,0.5436,13691.0,50.70415788291218,30.834541859041007,0
20240729T103728_2421107_011,20240729T103728_2421107_011_3388_1.npy,0.7236,2189.0,35.40615178891933,37.0544910989018,4
20240729T103728_2421107_011,20240729T103728_2421107_011_3388_2.npy,1.6992,2189.0,35.40615178891933,37.0544910989018,4
20240729T103728_2421107_011,20240729T103728_2421107_011_3388_3.npy,0.9756,2189.0,35.40615178891933,37.0544910989018,4
20240729T103728_2421107_011,20240729T103728_2421107_011_3388_4.npy,1.3679999999999999,2189.0,35.40615178891933,37.0544910989018,4
20240729T103728_2421107_011,20240729T103728_2421107_011_3388_5.npy,2.9268,2189.0,35.40615178891933,37.0544910989018,4
20240729T103728_2421107_011,20240729T103728_2421107_011_3388_6.npy,1.5588,2189.0,35.40615178891933,37.0544910989018,4
20240729T103728_2421107_011,20240729T103728_2421107_011_3388_7.npy,0.6444,2189.0,35.40615178891933,37.0544910989018,4
20240729T103728_2421107_011,20240729T103728_2421107_011_3388_8.npy,1.2276,2189.0,35.40615178891933,37.0544910989018,4
20240729T103728_2421107_011,20240729T103728_2421107_011_3388_9.npy,0.5831999999999999,2189.0,35.40615178891933,37.0544910989018,4
20240730T095231_2421207_033,20240730T095231_2421207_033_3392_1.npy,1.8576,1725.0,52.72126285826593,43.30480535989698,2
20240730T095231_2421207_033,20240730T095231_2421207_033_3392_2.npy,1.9332,1725.0,52.72126285826593,43.30480535989698,2
20240730T095231_2421207_033,20240730T095231_2421207_033_3392_3.npy,0.0972,1725.0,52.72126285826593,43.30480535989698,2
20240730T095231_2421207_033,20240730T095231_2421207_033_3392_4.npy,1.9836,1725.0,52.72126285826593,43.30480535989698,2
20240730T095231_2421207_033,20240730T095231_2421207_033_3392_5.npy,2.2536,1725.0,52.72126285826593,43.30480535989698,2
20240730T095231_2421207_033,20240730T095231_2421207_033_3392_6.npy,0.29159999999999997,1725.0,52.72126285826593,43.30480535989698,2
20240730T095231_2421207_033,20240730T095231_2421207_033_3392_7.npy,0.126,1725.0,52.72126285826593,43.30480535989698,2
20240730T095231_2421207_033,20240730T095231_2421207_033_3392_8.npy,0.3204,1725.0,52.72126285826593,43.30480535989698,2
20240730T095231_2421207_033,20240730T095231_2421207_033_3392_9.npy,0.1944,1725.0,52.72126285826593,43.30480535989698,2
20240730T095231_2421207_033,20240730T095231_2421207_033_3393_1.npy,2.2643999999999997,2325.0,52.77331718021054,43.29287624445134,2
20240730T095231_2421207_033,20240730T095231_2421207_033_3393_2.npy,2.79,2325.0,52.77331718021054,43.29287624445134,2
20240730T095231_2421207_033,20240730T095231_2421207_033_3393_3.npy,0.5256,2325.0,52.77331718021054,43.29287624445134,2
20240730T095231_2421207_033,20240730T095231_2421207_033_3393_4.npy,2.1528,2325.0,52.77331718021054,43.29287624445134,2
20240730T095231_2421207_033,20240730T095231_2421207_033_3393_5.npy,2.898,2325.0,52.77331718021054,43.29287624445134,2
20240730T095231_2421207_033,20240730T095231_2421207_033_3393_6.npy,0.7452,2325.0,52.77331718021054,43.29287624445134,2
20240730T095231_2421207_033,20240730T095231_2421207_033_3393_7.npy,0.126,2325.0,52.77331718021054,43.29287624445134,2
20240730T095231_2421207_033,20240730T095231_2421207_033_3393_8.npy,0.3636,2325.0,52.77331718021054,43.29287624445134,2
20240730T095231_2421207_033,20240730T095231_2421207_033_3393_9.npy,0.2376,2325.0,52.77331718021054,43.29287624445134,2
20240730T095231_2421207_033,20240730T095231_2421207_033_3394_1.npy,1.5191999999999999,1701.0,52.86332777857309,43.28040489648544,2
20240730T095231_2421207_033,20240730T095231_2421207_033_3394_2.npy,2.7108,1701.0,52.86332777857309,43.28040489648544,2
20240730T095231_2421207_033,20240730T095231_2421207_033_3394_3.npy,1.1916,1701.0,52.86332777857309,43.28040489648544,2
20240730T095231_2421207_033,20240730T095231_2421207_033_3394_4.npy,1.6164,1701.0,52.86332777857309,43.28040489648544,2
20240730T095231_2421207_033,20240730T095231_2421207_033_3394_5.npy,3.2292,1701.0,52.86332777857309,43.28040489648544,2
20240730T095231_2421207_033,20240730T095231_2421207_033_3394_6.npy,1.6128,1701.0,52.86332777857309,43.28040489648544,2
20240730T095231_2421207_033,20240730T095231_2421207_033_3394_7.npy,0.0972,1701.0,52.86332777857309,43.28040489648544,2
20240730T095231_2421207_033,20240730T095231_2421207_033_3394_8.npy,0.5184,1701.0,52.86332777857309,43.28040489648544,2
20240730T095231_2421207_033,20240730T095231_2421207_033_3394_9.npy,0.42119999999999996,1701.0,52.86332777857309,43.28040489648544,2
20240730T190438_2421213_007,20240730T190438_2421213_007_3390_1.npy,0.26639999999999997,1979.0,-106.39415904836363,31.96618112881605,2
20240730T190438_2421213_007,20240730T190438_2421213_007_3390_2.npy,0.45,1979.0,-106.39415904836363,31.96618112881605,2
20240730T190438_2421213_007,20240730T190438_2421213_007_3390_3.npy,0.18359999999999999,1979.0,-106.39415904836363,31.96618112881605,2
20240730T190438_2421213_007,20240730T190438_2421213_007_3390_4.npy,0.3384,1979.0,-106.39415904836363,31.96618112881605,2
20240730T190438_2421213_007,20240730T190438_2421213_007_3390_5.npy,0.7163999999999999,1979.0,-106.39415904836363,31.96618112881605,2
20240730T190438_2421213_007,20240730T190438_2421213_007_3390_6.npy,0.378,1979.0,-106.39415904836363,31.96618112881605,2
20240730T190438_2421213_007,20240730T190438_2421213_007_3390_7.npy,0.072,1979.0,-106.39415904836363,31.96618112881605,2
20240730T190438_2421213_007,20240730T190438_2421213_007_3390_8.npy,0.26639999999999997,1979.0,-106.39415904836363,31.96618112881605,2
20240730T190438_2421213_007,20240730T190438_2421213_007_3390_9.npy,0.1944,1979.0,-106.39415904836363,31.96618112881605,2
